epoch,step,train_reg_loss,val_reg_loss
0,5,,0.05898405238986015
0,5,3.143994092941284,
1,11,,0.04159776493906975
1,11,0.1314956545829773,
2,17,,0.03827798366546631
2,17,0.11926808953285217,
3,23,,0.037087999284267426
3,23,0.10859602689743042,
4,29,,0.036624662578105927
4,29,0.10179799050092697,
5,35,,0.03650440275669098
5,35,0.08416595309972763,
6,41,,0.036695074290037155
6,41,0.09146025776863098,
7,47,,0.037213217467069626
7,47,0.08368618041276932,
8,53,,0.03801548480987549
8,53,0.09705174714326859,
9,59,,0.038981109857559204
9,59,0.07329235225915909,
10,65,,0.03999615088105202
10,65,0.08227451145648956,
11,71,,0.040948908776044846
11,71,0.08376312255859375,
12,77,,0.04177325963973999
12,77,0.07198885083198547,
13,83,,0.042517028748989105
13,83,0.06922455132007599,
14,89,,0.043241143226623535
14,89,0.07234042137861252,
15,95,,0.04389341175556183
15,95,0.06710682064294815,
16,101,,0.04446183145046234
16,101,0.06663043051958084,
17,107,,0.0450655072927475
17,107,0.06124639883637428,
18,113,,0.04567867890000343
18,113,0.05545247346162796,
19,119,,0.046250246465206146
19,119,0.0664093866944313,
20,125,,0.04678359255194664
20,125,0.07130293548107147,
21,131,,0.04732701927423477
21,131,0.06987444311380386,
22,137,,0.047934699803590775
22,137,0.06001892685890198,
23,143,,0.04852793738245964
23,143,0.055326495319604874,
24,149,,0.04910717159509659
24,149,0.061442986130714417,
25,155,,0.049662716686725616
25,155,0.0784914568066597,
26,161,,0.05016840249300003
26,161,0.06691761314868927,
27,167,,0.050797559320926666
27,167,0.05915511026978493,
28,173,,0.0514189675450325
28,173,0.04890386760234833,
29,179,,0.052126117050647736
29,179,0.07225441187620163,
30,185,,0.05275649577379227
30,185,0.058669041842222214,
31,191,,0.053599756211042404
31,191,0.05724479258060455,
32,197,,0.05444918945431709
32,197,0.04819731041789055,
33,203,,0.05521668121218681
33,203,0.048247113823890686,
34,209,,0.055877577513456345
34,209,0.04544220119714737,
35,215,,0.05641494318842888
35,215,0.04949206858873367,
36,221,,0.05686195567250252
36,221,0.0475497730076313,
37,227,,0.05741100385785103
37,227,0.060248926281929016,
38,233,,0.058077432215213776
38,233,0.04004910960793495,
39,239,,0.058701902627944946
39,239,0.04427386820316315,
40,245,,0.05923301726579666
40,245,0.03848720341920853,
41,251,,0.05980917066335678
41,251,0.048186976462602615,
42,257,,0.060382403433322906
42,257,0.04201725870370865,
43,263,,0.060770779848098755
43,263,0.05297436565160751,
44,269,,0.06118757650256157
44,269,0.04595956951379776,
45,275,,0.0618288591504097
45,275,0.04372637718915939,
46,281,,0.0625542551279068
46,281,0.053117599338293076,
47,287,,0.06303171813488007
47,287,0.04749024659395218,
48,293,,0.06356719881296158
48,293,0.04042407497763634,
49,299,,0.06422492861747742
49,299,0.05285635590553284,
50,305,,0.0646948590874672
50,305,0.03379688411951065,
51,311,,0.06534181535243988
51,311,0.04910435155034065,
52,317,,0.06593791395425797
52,317,0.04411837458610535,
53,323,,0.06623773276805878
53,323,0.03600013256072998,
54,329,,0.06682740151882172
54,329,0.047472354024648666,
55,335,,0.06738674640655518
55,335,0.04413803294301033,
56,341,,0.06751423329114914
56,341,0.04770878702402115,
57,347,,0.06789310276508331
57,347,0.04598168283700943,
58,353,,0.06816699355840683
58,353,0.04371785745024681,
59,359,,0.06880985200405121
59,359,0.04047039896249771,
60,365,,0.06978759914636612
60,365,0.04427749663591385,
61,371,,0.07040147483348846
61,371,0.04369174316525459,
62,377,,0.0706687942147255
62,377,0.04058460891246796,
63,383,,0.07095370441675186
63,383,0.04517703130841255,
64,389,,0.07142373919487
64,389,0.04246244579553604,
65,395,,0.07212399691343307
65,395,0.03891218453645706,
66,401,,0.07245271652936935
66,401,0.03607496619224548,
67,407,,0.07257711887359619
67,407,0.02994593232870102,
68,413,,0.07326575368642807
68,413,0.03784051537513733,
69,419,,0.07355501502752304
69,419,0.03919835761189461,
70,425,,0.07411816716194153
70,425,0.03687184303998947,
71,431,,0.07440432161092758
71,431,0.036864105612039566,
72,437,,0.0751575455069542
72,437,0.034832075238227844,
73,443,,0.07543503493070602
73,443,0.035063236951828,
74,449,,0.07563285529613495
74,449,0.03070245496928692,
75,455,,0.07543930411338806
75,455,0.035014886409044266,
76,461,,0.0755600556731224
76,461,0.030245386064052582,
77,467,,0.07508624345064163
77,467,0.03380132094025612,
78,473,,0.07488496601581573
78,473,0.031879886984825134,
79,479,,0.07435152679681778
79,479,0.03223279118537903,
80,485,,0.07463681697845459
80,485,0.03087027557194233,
81,491,,0.07546120136976242
81,491,0.0352470688521862,
82,497,,0.0757799968123436
82,497,0.03525763005018234,
83,503,,0.07588794082403183
83,503,0.0280567929148674,
84,509,,0.07625948637723923
84,509,0.034584011882543564,
85,515,,0.07762651890516281
85,515,0.029390711337327957,
86,521,,0.07864489406347275
86,521,0.02916603535413742,
87,527,,0.07864459604024887
87,527,0.037384193390607834,
88,533,,0.07539782673120499
88,533,0.028805602341890335,
89,539,,0.07409495860338211
89,539,0.034472186118364334,
90,545,,0.07511600106954575
90,545,0.03162195533514023,
91,551,,0.07620017230510712
91,551,0.03355854004621506,
92,557,,0.07640150189399719
92,557,0.037351660430431366,
93,563,,0.07651121914386749
93,563,0.033944692462682724,
94,569,,0.07564818114042282
94,569,0.028168218210339546,
95,575,,0.07615543901920319
95,575,0.0435199961066246,
96,581,,0.07562679797410965
96,581,0.027137016877532005,
97,587,,0.07435168325901031
97,587,0.034543391317129135,
98,593,,0.07438403367996216
98,593,0.03215774521231651,
99,599,,0.074063241481781
99,599,0.027659280225634575,
100,605,,0.07443855702877045
100,605,0.03417784720659256,
101,611,,0.07457292079925537
101,611,0.02795400843024254,
102,617,,0.07499319314956665
102,617,0.025664152577519417,
103,623,,0.07411324232816696
103,623,0.036793503910303116,
104,629,,0.07712782174348831
104,629,0.034778956323862076,
105,635,,0.07818783074617386
105,635,0.030077394098043442,
106,641,,0.07841075956821442
106,641,0.03126280754804611,
107,647,,0.07598666101694107
107,647,0.027781929820775986,
108,653,,0.07193967700004578
108,653,0.031825870275497437,
109,659,,0.06789130717515945
109,659,0.03426534682512283,
110,665,,0.07659192383289337
110,665,0.03380896896123886,
111,671,,0.0803418979048729
111,671,0.03370499238371849,
112,677,,0.0770614817738533
112,677,0.03146025538444519,
113,683,,0.07416130602359772
113,683,0.03393524885177612,
114,689,,0.07105100154876709
114,689,0.026709776371717453,
115,695,,0.07265901565551758
115,695,0.03487405180931091,
116,701,,0.07969247549772263
116,701,0.031011272221803665,
117,707,,0.0804973617196083
117,707,0.020254535600543022,
118,713,,0.07578902691602707
118,713,0.024232249706983566,
119,719,,0.07243818044662476
119,719,0.03157351166009903,
120,725,,0.07077085971832275
120,725,0.03272734954953194,
121,731,,0.07351747900247574
121,731,0.033304888755083084,
122,737,,0.07626115530729294
122,737,0.03621354326605797,
123,743,,0.07975250482559204
123,743,0.03986033424735069,
124,749,,0.07896573096513748
124,749,0.030943546444177628,
125,755,,0.07459704577922821
125,755,0.027354462072253227,
126,761,,0.07327457517385483
126,761,0.026205338537693024,
127,767,,0.07197742909193039
127,767,0.03206304460763931,
128,773,,0.07701974362134933
128,773,0.033680692315101624,
129,779,,0.08007070422172546
129,779,0.028241872787475586,
130,785,,0.07254748791456223
130,785,0.025915317237377167,
131,791,,0.06260206550359726
131,791,0.02812356874346733,
132,797,,0.054828304797410965
132,797,0.02221544086933136,
133,803,,0.06615788489580154
133,803,0.026690773665905,
134,809,,0.0757778212428093
134,809,0.0250068511813879,
135,815,,0.07373305410146713
135,815,0.026368485763669014,
136,821,,0.06340962648391724
136,821,0.03164186328649521,
137,827,,0.06299077719449997
137,827,0.02778504602611065,
138,833,,0.06138254329562187
138,833,0.02362898737192154,
139,839,,0.06265082210302353
139,839,0.03022954985499382,
140,845,,0.06589064002037048
140,845,0.027637140825390816,
141,851,,0.0654141828417778
141,851,0.025296516716480255,
142,857,,0.06764822453260422
142,857,0.02930060774087906,
143,863,,0.06756569445133209
143,863,0.023618627339601517,
144,869,,0.0683261901140213
144,869,0.022391049191355705,
145,875,,0.06551933288574219
145,875,0.027098456397652626,
146,881,,0.060628701001405716
146,881,0.02693268470466137,
147,887,,0.06362675875425339
147,887,0.02620617300271988,
148,893,,0.06777685880661011
148,893,0.026476213708519936,
149,899,,0.06911115348339081
149,899,0.022325139492750168,
150,905,,0.06333468109369278
150,905,0.025152282789349556,
151,911,,0.06630565971136093
151,911,0.02740524522960186,
152,917,,0.06269849091768265
152,917,0.024905472993850708,
153,923,,0.06674614548683167
153,923,0.02539174258708954,
154,929,,0.07161492109298706
154,929,0.02736302837729454,
155,935,,0.05878647416830063
155,935,0.02452990412712097,
156,941,,0.05905633419752121
156,941,0.026309937238693237,
157,947,,0.06902053952217102
157,947,0.024482619017362595,
158,953,,0.06640856713056564
158,953,0.018211277201771736,
159,959,,0.05471377819776535
159,959,0.025721974670886993,
160,965,,0.05878306180238724
160,965,0.026306109502911568,
161,971,,0.060797225683927536
161,971,0.020823564380407333,
162,977,,0.0568586103618145
162,977,0.025498125702142715,
163,983,,0.06259404867887497
163,983,0.023369405418634415,
164,989,,0.05506634712219238
164,989,0.026649676263332367,
165,995,,0.05230753496289253
165,995,0.025727756321430206,
166,1001,,0.06396528333425522
166,1001,0.029614347964525223,
167,1007,,0.061232030391693115
167,1007,0.019618477672338486,
168,1013,,0.054045576602220535
168,1013,0.026391882449388504,
169,1019,,0.057082004845142365
169,1019,0.02391689643263817,
170,1025,,0.07142673432826996
170,1025,0.024972055107355118,
171,1031,,0.060384780168533325
171,1031,0.02135813981294632,
172,1037,,0.05738047882914543
172,1037,0.02019657753407955,
173,1043,,0.06381024420261383
173,1043,0.020737269893288612,
174,1049,,0.062475431710481644
174,1049,0.026202673092484474,
175,1055,,0.052189476788043976
175,1055,0.02329658716917038,
176,1061,,0.06085469573736191
176,1061,0.029487453401088715,
177,1067,,0.06182130426168442
177,1067,0.027838192880153656,
178,1073,,0.050704848021268845
178,1073,0.02880812995135784,
179,1079,,0.05982578545808792
179,1079,0.024475479498505592,
180,1085,,0.06594336032867432
180,1085,0.01690584421157837,
181,1091,,0.058425210416316986
181,1091,0.025655433535575867,
182,1097,,0.04712160676717758
182,1097,0.021577561274170876,
183,1103,,0.050094008445739746
183,1103,0.02031204104423523,
184,1109,,0.06912368535995483
184,1109,0.02132996916770935,
185,1115,,0.06411917507648468
185,1115,0.028653811663389206,
186,1121,,0.056458599865436554
186,1121,0.028531866148114204,
187,1127,,0.0650392472743988
187,1127,0.021800711750984192,
188,1133,,0.05532727390527725
188,1133,0.024436356499791145,
189,1139,,0.053314417600631714
189,1139,0.021642692387104034,
190,1145,,0.06772211939096451
190,1145,0.021637938916683197,
191,1151,,0.06272464990615845
191,1151,0.019328946247696877,
192,1157,,0.05464278906583786
192,1157,0.016375260427594185,
193,1163,,0.04985381290316582
193,1163,0.017955509945750237,
194,1169,,0.05616455152630806
194,1169,0.02442914992570877,
195,1175,,0.06201134994626045
195,1175,0.019716501235961914,
196,1181,,0.056614525616168976
196,1181,0.025615692138671875,
197,1187,,0.06779289245605469
197,1187,0.023415833711624146,
198,1193,,0.05838288739323616
198,1193,0.026478223502635956,
199,1199,,0.06414071470499039
199,1199,0.028401261195540428,
200,1205,,0.05879554897546768
200,1205,0.025762252509593964,
201,1211,,0.05832044407725334
201,1211,0.03299841284751892,
202,1217,,0.06158188730478287
202,1217,0.021082114428281784,
203,1223,,0.05180171877145767
203,1223,0.02198798768222332,
204,1229,,0.05527544766664505
204,1229,0.023147281259298325,
205,1235,,0.0661046952009201
205,1235,0.025939980521798134,
206,1241,,0.06278106570243835
206,1241,0.024241900071501732,
207,1247,,0.053606756031513214
207,1247,0.02074887976050377,
208,1253,,0.06891032308340073
208,1253,0.01832428202033043,
209,1259,,0.06196869537234306
209,1259,0.024665234610438347,
210,1265,,0.044077929109334946
210,1265,0.01926097273826599,
211,1271,,0.04768870025873184
211,1271,0.02052098512649536,
212,1277,,0.05672035738825798
212,1277,0.024824155494570732,
213,1283,,0.05989502742886543
213,1283,0.020681222900748253,
214,1289,,0.050235580652952194
214,1289,0.02124354988336563,
215,1295,,0.051566433161497116
215,1295,0.019914986565709114,
216,1301,,0.05241813138127327
216,1301,0.022227849811315536,
217,1307,,0.05564146116375923
217,1307,0.02271174266934395,
218,1313,,0.053658463060855865
218,1313,0.024603549391031265,
219,1319,,0.050919245928525925
219,1319,0.019693385809659958,
220,1325,,0.06527404487133026
220,1325,0.01845860294997692,
221,1331,,0.05197218805551529
221,1331,0.02061128430068493,
222,1337,,0.04810955375432968
222,1337,0.021106576547026634,
223,1343,,0.05497505143284798
223,1343,0.01819971390068531,
224,1349,,0.05457426235079765
224,1349,0.01651192083954811,
225,1355,,0.0570547953248024
225,1355,0.023935146629810333,
226,1361,,0.05672009661793709
226,1361,0.01825880818068981,
227,1367,,0.049677565693855286
227,1367,0.01641182415187359,
228,1373,,0.06405587494373322
228,1373,0.01967817358672619,
229,1379,,0.05552973598241806
229,1379,0.018385807052254677,
230,1385,,0.052017152309417725
230,1385,0.021865496411919594,
231,1391,,0.06491784006357193
231,1391,0.02548370324075222,
232,1397,,0.05264415591955185
232,1397,0.01506592147052288,
233,1403,,0.059460949152708054
233,1403,0.02381475269794464,
234,1409,,0.049894873052835464
234,1409,0.020970745012164116,
235,1415,,0.03971145674586296
235,1415,0.015724869444966316,
236,1421,,0.05575522035360336
236,1421,0.025439882650971413,
237,1427,,0.05807633325457573
237,1427,0.022952686995267868,
238,1433,,0.053985048085451126
238,1433,0.021120700985193253,
239,1439,,0.06051080673933029
239,1439,0.01734142005443573,
240,1445,,0.048403821885585785
240,1445,0.018030837178230286,
241,1451,,0.060481321066617966
241,1451,0.01971248723566532,
242,1457,,0.060442965477705
242,1457,0.018989965319633484,
243,1463,,0.043727949261665344
243,1463,0.019859908148646355,
244,1469,,0.05721250921487808
244,1469,0.022834639996290207,
245,1475,,0.05445058271288872
245,1475,0.019403427839279175,
246,1481,,0.04824957624077797
246,1481,0.0228145569562912,
247,1487,,0.06149370223283768
247,1487,0.023377884179353714,
248,1493,,0.06777580082416534
248,1493,0.030734650790691376,
249,1499,,0.06224823743104935
249,1499,0.0207102969288826,
250,1505,,0.03627641499042511
250,1505,0.016842322424054146,
251,1511,,0.06543214619159698
251,1511,0.021421000361442566,
252,1517,,0.06701712310314178
252,1517,0.01857464760541916,
253,1523,,0.043459635227918625
253,1523,0.01706455461680889,
254,1529,,0.04595357924699783
254,1529,0.019702665507793427,
255,1535,,0.06321253627538681
255,1535,0.019124232232570648,
256,1541,,0.04111930727958679
256,1541,0.022085264325141907,
257,1547,,0.06286110728979111
257,1547,0.023040613159537315,
258,1553,,0.06335162371397018
258,1553,0.027835771441459656,
259,1559,,0.03231664374470711
259,1559,0.024617208167910576,
260,1565,,0.057336896657943726
260,1565,0.01854131557047367,
261,1571,,0.05850418657064438
261,1571,0.016283128410577774,
262,1577,,0.0418938472867012
262,1577,0.015951678156852722,
263,1583,,0.04917435720562935
263,1583,0.019331347197294235,
264,1589,,0.06510113924741745
264,1589,0.020480988547205925,
265,1595,,0.05850371718406677
265,1595,0.01721274107694626,
266,1601,,0.041067760437726974
266,1601,0.017143387347459793,
267,1607,,0.0500747375190258
267,1607,0.01692633330821991,
268,1613,,0.06820996105670929
268,1613,0.019260024651885033,
269,1619,,0.043817389756441116
269,1619,0.01826920174062252,
270,1625,,0.05579123646020889
270,1625,0.015747925266623497,
271,1631,,0.0741051658987999
271,1631,0.022096263244748116,
272,1637,,0.05505354329943657
272,1637,0.019564002752304077,
273,1643,,0.044360823929309845
273,1643,0.02144123800098896,
274,1649,,0.06921958178281784
274,1649,0.02030843123793602,
275,1655,,0.04207996279001236
275,1655,0.019932202994823456,
276,1661,,0.05483444780111313
276,1661,0.019527606666088104,
277,1667,,0.05929388478398323
277,1667,0.01416232343763113,
278,1673,,0.05094822496175766
278,1673,0.014233539812266827,
279,1679,,0.04246726259589195
279,1679,0.020065313205122948,
280,1685,,0.055687952786684036
280,1685,0.018549688160419464,
281,1691,,0.04491488263010979
281,1691,0.017612028867006302,
282,1697,,0.0509515218436718
282,1697,0.015159403905272484,
283,1703,,0.05132501199841499
283,1703,0.02215190976858139,
284,1709,,0.04254268482327461
284,1709,0.01767668128013611,
285,1715,,0.06342640519142151
285,1715,0.020281974226236343,
286,1721,,0.048168640583753586
286,1721,0.02030017040669918,
287,1727,,0.06159411743283272
287,1727,0.016078205779194832,
288,1733,,0.04783365875482559
288,1733,0.0177808478474617,
289,1739,,0.051955170929431915
289,1739,0.016452092677354813,
290,1745,,0.054273802787065506
290,1745,0.017738042399287224,
291,1751,,0.05048031359910965
291,1751,0.01676902174949646,
292,1757,,0.05265866592526436
292,1757,0.018660465255379677,
293,1763,,0.04786102846264839
293,1763,0.019211405888199806,
294,1769,,0.061735570430755615
294,1769,0.021554669365286827,
295,1775,,0.04627451300621033
295,1775,0.01655907742679119,
296,1781,,0.0653093159198761
296,1781,0.02143351547420025,
297,1787,,0.0498107373714447
297,1787,0.01913527213037014,
298,1793,,0.056659094989299774
298,1793,0.016319284215569496,
299,1799,,0.049844782799482346
299,1799,0.01939997263252735,
300,1805,,0.058894772082567215
300,1805,0.016775459051132202,
301,1811,,0.05059773474931717
301,1811,0.022136835381388664,
302,1817,,0.05431411415338516
302,1817,0.0160478875041008,
303,1823,,0.046200212091207504
303,1823,0.015260573476552963,
304,1829,,0.047234613448381424
304,1829,0.013804912567138672,
305,1835,,0.05369081348180771
305,1835,0.020331939682364464,
306,1841,,0.05786331370472908
306,1841,0.02414877712726593,
307,1847,,0.059010814875364304
307,1847,0.015424715355038643,
308,1853,,0.049842413514852524
308,1853,0.018488267436623573,
309,1859,,0.0533832386136055
309,1859,0.01934872753918171,
310,1865,,0.04950393736362457
310,1865,0.019258441403508186,
311,1871,,0.05810239166021347
311,1871,0.018900753930211067,
312,1877,,0.04527917504310608
312,1877,0.017996391281485558,
313,1883,,0.04860952869057655
313,1883,0.017695609480142593,
314,1889,,0.0698620155453682
314,1889,0.01856149174273014,
315,1895,,0.05359090119600296
315,1895,0.019921917468309402,
316,1901,,0.057714592665433884
316,1901,0.01911320351064205,
317,1907,,0.05143643170595169
317,1907,0.019322458654642105,
318,1913,,0.0551757737994194
318,1913,0.020014362409710884,
319,1919,,0.061701077967882156
319,1919,0.021626446396112442,
320,1925,,0.035303302109241486
320,1925,0.016747059300541878,
321,1931,,0.054844606667757034
321,1931,0.020632049068808556,
322,1937,,0.04913121089339256
322,1937,0.020939191803336143,
323,1943,,0.05422006919980049
323,1943,0.01686522550880909,
324,1949,,0.05459534376859665
324,1949,0.02086484245955944,
325,1955,,0.06347958743572235
325,1955,0.02007274143397808,
326,1961,,0.05169329792261124
326,1961,0.024190444499254227,
327,1967,,0.04265234246850014
327,1967,0.013987541198730469,
328,1973,,0.05265996977686882
328,1973,0.019324766471982002,
329,1979,,0.05026135593652725
329,1979,0.015545397065579891,
330,1985,,0.0469432957470417
330,1985,0.01905549131333828,
331,1991,,0.069701187312603
331,1991,0.02069218084216118,
332,1997,,0.05145477503538132
332,1997,0.0231833066791296,
333,2003,,0.055552877485752106
333,2003,0.01686820760369301,
334,2009,,0.059446804225444794
334,2009,0.015044083818793297,
335,2015,,0.06131195276975632
335,2015,0.02706184610724449,
336,2021,,0.04869621619582176
336,2021,0.017888884991407394,
337,2027,,0.04823504388332367
337,2027,0.019583411514759064,
338,2033,,0.05672163888812065
338,2033,0.017184851691126823,
339,2039,,0.04651160538196564
339,2039,0.018173733726143837,
340,2045,,0.05978676676750183
340,2045,0.01264344621449709,
341,2051,,0.043171703815460205
341,2051,0.023779243230819702,
342,2057,,0.0560578778386116
342,2057,0.017949802801012993,
343,2063,,0.05710556358098984
343,2063,0.016415037214756012,
344,2069,,0.04755525290966034
344,2069,0.019313735887408257,
345,2075,,0.06464932858943939
345,2075,0.01605037972331047,
346,2081,,0.06301460415124893
346,2081,0.020145487040281296,
347,2087,,0.044830214232206345
347,2087,0.018194837495684624,
348,2093,,0.06580065190792084
348,2093,0.02169417403638363,
349,2099,,0.07450398802757263
349,2099,0.016892891377210617,
350,2105,,0.038026075810194016
350,2105,0.01742102950811386,
351,2111,,0.08622600138187408
351,2111,0.022861072793602943,
352,2117,,0.06765320897102356
352,2117,0.02494468353688717,
353,2123,,0.030664628371596336
353,2123,0.016947271302342415,
354,2129,,0.06261397153139114
354,2129,0.02177528291940689,
355,2135,,0.0472027063369751
355,2135,0.016628244891762733,
356,2141,,0.06491635739803314
356,2141,0.020016653463244438,
357,2147,,0.06352075189352036
357,2147,0.022296270355582237,
358,2153,,0.050915248692035675
358,2153,0.016585800796747208,
359,2159,,0.07288238406181335
359,2159,0.01973688416182995,
360,2165,,0.0349811352789402
360,2165,0.019304264336824417,
361,2171,,0.07412818819284439
361,2171,0.01970052346587181,
362,2177,,0.0660572499036789
362,2177,0.02299121953547001,
363,2183,,0.0483587384223938
363,2183,0.017974937334656715,
364,2189,,0.061001427471637726
364,2189,0.016369199380278587,
365,2195,,0.05377776175737381
365,2195,0.01929696835577488,
366,2201,,0.05335458368062973
366,2201,0.02083110809326172,
367,2207,,0.0497366264462471
367,2207,0.016407830640673637,
368,2213,,0.05705878883600235
368,2213,0.020174937322735786,
369,2219,,0.05197396129369736
369,2219,0.01898721046745777,
370,2225,,0.05237805098295212
370,2225,0.014684146270155907,
371,2231,,0.07900862395763397
371,2231,0.018135514110326767,
372,2237,,0.04600698873400688
372,2237,0.016177376732230186,
373,2243,,0.07135345786809921
373,2243,0.01767449639737606,
374,2249,,0.047147076576948166
374,2249,0.01838631182909012,
375,2255,,0.06142408773303032
375,2255,0.020262524485588074,
376,2261,,0.05346298962831497
376,2261,0.018336353823542595,
377,2267,,0.05943094566464424
377,2267,0.01961532048881054,
378,2273,,0.039059922099113464
378,2273,0.015033545903861523,
379,2279,,0.04653666168451309
379,2279,0.019707603380084038,
380,2285,,0.050738029181957245
380,2285,0.015315253287553787,
381,2291,,0.06129859760403633
381,2291,0.02052515558898449,
382,2297,,0.02974564954638481
382,2297,0.018339116126298904,
383,2303,,0.05996762961149216
383,2303,0.018205363303422928,
384,2309,,0.05069056898355484
384,2309,0.01930096186697483,
385,2315,,0.050172388553619385
385,2315,0.01762632466852665,
386,2321,,0.06826692074537277
386,2321,0.019455360248684883,
387,2327,,0.035127244889736176
387,2327,0.018316013738512993,
388,2333,,0.07019013911485672
388,2333,0.02441377565264702,
389,2339,,0.05821957439184189
389,2339,0.01910392940044403,
390,2345,,0.04815111681818962
390,2345,0.019076460972428322,
391,2351,,0.09622085839509964
391,2351,0.023393969982862473,
392,2357,,0.062096793204545975
392,2357,0.02157505415380001,
393,2363,,0.0386677160859108
393,2363,0.019120238721370697,
394,2369,,0.07521919161081314
394,2369,0.024501154199242592,
395,2375,,0.05628972500562668
395,2375,0.019634295254945755,
396,2381,,0.053709499537944794
396,2381,0.0214796494692564,
397,2387,,0.06151839345693588
397,2387,0.016014985740184784,
398,2393,,0.04523284733295441
398,2393,0.017681246623396873,
399,2399,,0.057116635143756866
399,2399,0.024424253031611443,
400,2405,,0.057427965104579926
400,2405,0.018596937879920006,
401,2411,,0.05101475119590759
401,2411,0.02160237543284893,
402,2417,,0.06798600405454636
402,2417,0.014681156724691391,
403,2423,,0.05564182251691818
403,2423,0.01975148357450962,
404,2429,,0.06431178748607635
404,2429,0.015894142910838127,
405,2435,,0.03677641600370407
405,2435,0.01786859519779682,
406,2441,,0.07506322115659714
406,2441,0.02145262435078621,
407,2447,,0.04180046543478966
407,2447,0.0157077107578516,
408,2453,,0.06841516494750977
408,2453,0.017590591683983803,
409,2459,,0.08526607602834702
409,2459,0.02272319234907627,
410,2465,,0.026747936382889748
410,2465,0.02463480830192566,
411,2471,,0.07541556656360626
411,2471,0.015669679269194603,
412,2477,,0.060283906757831573
412,2477,0.01863589510321617,
413,2483,,0.05026572197675705
413,2483,0.020054342225193977,
414,2489,,0.05525705963373184
414,2489,0.014695161953568459,
415,2495,,0.057332269847393036
415,2495,0.0155689287930727,
416,2501,,0.049703449010849
416,2501,0.01513789501041174,
417,2507,,0.040580786764621735
417,2507,0.014947546645998955,
418,2513,,0.06516152620315552
418,2513,0.019389847293496132,
419,2519,,0.06362779438495636
419,2519,0.019824672490358353,
420,2525,,0.055337198078632355
420,2525,0.020395861938595772,
421,2531,,0.07369831949472427
421,2531,0.016133440658450127,
422,2537,,0.05973903089761734
422,2537,0.01745540276169777,
423,2543,,0.05753684043884277
423,2543,0.017461037263274193,
424,2549,,0.07952183485031128
424,2549,0.01977684535086155,
425,2555,,0.039696838706731796
425,2555,0.018563667312264442,
426,2561,,0.062775157392025
426,2561,0.021045217290520668,
427,2567,,0.047614388167858124
427,2567,0.019209623336791992,
428,2573,,0.05966109782457352
428,2573,0.018345989286899567,
429,2579,,0.06926757097244263
429,2579,0.025146309286355972,
430,2585,,0.04363298788666725
430,2585,0.014691490679979324,
431,2591,,0.06543804705142975
431,2591,0.01545039378106594,
432,2597,,0.054611094295978546
432,2597,0.02021263726055622,
433,2603,,0.059618063271045685
433,2603,0.015515324659645557,
434,2609,,0.0774836391210556
434,2609,0.017648575827479362,
435,2615,,0.04767552390694618
435,2615,0.016367049887776375,
436,2621,,0.07717284560203552
436,2621,0.01861228421330452,
437,2627,,0.05231402441859245
437,2627,0.015954110771417618,
438,2633,,0.05064579099416733
438,2633,0.014639913104474545,
439,2639,,0.06711311638355255
439,2639,0.020048029720783234,
440,2645,,0.037353817373514175
440,2645,0.016830185428261757,
441,2651,,0.07424038648605347
441,2651,0.017327196896076202,
442,2657,,0.04523007571697235
442,2657,0.02130601927638054,
443,2663,,0.07828421145677567
443,2663,0.02440967783331871,
444,2669,,0.044028766453266144
444,2669,0.01618790812790394,
445,2675,,0.063523069024086
445,2675,0.014737563207745552,
446,2681,,0.045545175671577454
446,2681,0.01705339550971985,
447,2687,,0.05522364377975464
447,2687,0.014673386700451374,
448,2693,,0.045997798442840576
448,2693,0.017977269366383553,
449,2699,,0.06593967974185944
449,2699,0.023441225290298462,
450,2705,,0.05601661279797554
450,2705,0.01813686080276966,
451,2711,,0.05483066290616989
451,2711,0.01617426425218582,
452,2717,,0.06683555245399475
452,2717,0.017859142273664474,
453,2723,,0.06396403163671494
453,2723,0.020917357876896858,
454,2729,,0.04886385798454285
454,2729,0.016186680644750595,
455,2735,,0.06348764151334763
455,2735,0.020577479153871536,
456,2741,,0.047470573335886
456,2741,0.017757674679160118,
457,2747,,0.0528067946434021
457,2747,0.01863962598145008,
458,2753,,0.07651387155056
458,2753,0.01706063747406006,
459,2759,,0.03587379679083824
459,2759,0.01626611314713955,
460,2765,,0.07383584976196289
460,2765,0.02051936276257038,
461,2771,,0.054377056658267975
461,2771,0.018877612426877022,
462,2777,,0.04448585584759712
462,2777,0.012467135675251484,
463,2783,,0.05346683785319328
463,2783,0.01919861137866974,
464,2789,,0.05503598973155022
464,2789,0.014217330142855644,
465,2795,,0.052540600299835205
465,2795,0.013393442146480083,
466,2801,,0.053278494626283646
466,2801,0.016300737857818604,
467,2807,,0.06836369633674622
467,2807,0.017313983291387558,
468,2813,,0.03432430699467659
468,2813,0.017612185329198837,
469,2819,,0.06774773448705673
469,2819,0.020817236974835396,
470,2825,,0.03193794563412666
470,2825,0.01638304442167282,
471,2831,,0.06443189829587936
471,2831,0.016542106866836548,
472,2837,,0.05637286230921745
472,2837,0.019088469445705414,
473,2843,,0.047886770218610764
473,2843,0.01866656169295311,
474,2849,,0.05923614650964737
474,2849,0.015721309930086136,
475,2855,,0.05102366954088211
475,2855,0.017499716952443123,
476,2861,,0.0661211609840393
476,2861,0.016730481758713722,
477,2867,,0.03178487718105316
477,2867,0.016091464087367058,
478,2873,,0.06497181206941605
478,2873,0.018373528495430946,
479,2879,,0.06107478216290474
479,2879,0.018226493149995804,
480,2885,,0.059923700988292694
480,2885,0.015583775006234646,
481,2891,,0.060541532933712006
481,2891,0.021369120106101036,
482,2897,,0.04420928284525871
482,2897,0.016802849248051643,
483,2903,,0.06843893229961395
483,2903,0.020011156797409058,
484,2909,,0.049842800945043564
484,2909,0.020330358296632767,
485,2915,,0.07076514512300491
485,2915,0.01713438518345356,
486,2921,,0.04513217881321907
486,2921,0.02460549585521221,
487,2927,,0.056829504668712616
487,2927,0.01742829568684101,
488,2933,,0.05325392633676529
488,2933,0.016660911962389946,
489,2939,,0.06252531707286835
489,2939,0.01533010508865118,
490,2945,,0.05612454563379288
490,2945,0.014595634303987026,
491,2951,,0.05733092874288559
491,2951,0.016902174800634384,
492,2957,,0.04714658856391907
492,2957,0.014929410070180893,
493,2963,,0.06414099782705307
493,2963,0.017233319580554962,
494,2969,,0.04128825664520264
494,2969,0.015226498246192932,
495,2975,,0.06493337452411652
495,2975,0.014252299442887306,
496,2981,,0.05089832469820976
496,2981,0.020626189187169075,
497,2987,,0.06616834551095963
497,2987,0.01808672584593296,
498,2993,,0.06180260330438614
498,2993,0.01593250222504139,
499,2999,,0.05694185569882393
499,2999,0.015684077516198158,
500,3005,,0.07631790637969971
500,3005,0.02138344757258892,
501,3011,,0.05662064626812935
501,3011,0.019912218675017357,
502,3017,,0.048690617084503174
502,3017,0.015687143430113792,
503,3023,,0.05652817338705063
503,3023,0.01609889604151249,
504,3029,,0.051180072128772736
504,3029,0.01664341241121292,
505,3035,,0.05289079621434212
505,3035,0.015676656737923622,
506,3041,,0.06803350895643234
506,3041,0.018815914168953896,
507,3047,,0.05067102238535881
507,3047,0.021072275936603546,
508,3053,,0.05168015509843826
508,3053,0.016005391255021095,
509,3059,,0.047368086874485016
509,3059,0.013213211670517921,
510,3065,,0.09075752645730972
510,3065,0.021171806380152702,
511,3071,,0.048795923590660095
511,3071,0.0175752155482769,
512,3077,,0.06523563712835312
512,3077,0.021494217216968536,
513,3083,,0.04876595363020897
513,3083,0.01840069890022278,
514,3089,,0.051521025598049164
514,3089,0.01634095050394535,
515,3095,,0.07000799477100372
515,3095,0.01402833592146635,
516,3101,,0.04925655573606491
516,3101,0.014275726862251759,
517,3107,,0.06495855003595352
517,3107,0.013760717585682869,
518,3113,,0.059309445321559906
518,3113,0.015744362026453018,
519,3119,,0.052501894533634186
519,3119,0.024534715339541435,
520,3125,,0.05066918581724167
520,3125,0.015476854518055916,
521,3131,,0.06436555087566376
521,3131,0.018457576632499695,
522,3137,,0.03530608490109444
522,3137,0.01273714192211628,
523,3143,,0.07857388257980347
523,3143,0.019396251067519188,
524,3149,,0.040036194026470184
524,3149,0.015495922416448593,
525,3155,,0.05695538595318794
525,3155,0.017673511058092117,
526,3161,,0.048315923660993576
526,3161,0.014902773313224316,
527,3167,,0.08537819981575012
527,3167,0.016823044046759605,
528,3173,,0.04396707937121391
528,3173,0.02275935746729374,
529,3179,,0.06998041272163391
529,3179,0.02511783130466938,
530,3185,,0.03984741494059563
530,3185,0.021452531218528748,
531,3191,,0.060384176671504974
531,3191,0.02526247687637806,
532,3197,,0.05304490774869919
532,3197,0.01791198179125786,
533,3203,,0.05701726675033569
533,3203,0.02375708892941475,
534,3209,,0.04190678894519806
534,3209,0.015709163621068,
535,3215,,0.08050807565450668
535,3215,0.015734754502773285,
536,3221,,0.04148704558610916
536,3221,0.016990894451737404,
537,3227,,0.07398726046085358
537,3227,0.027219705283641815,
538,3233,,0.051568519324064255
538,3233,0.02041357383131981,
539,3239,,0.07451200485229492
539,3239,0.01946377009153366,
540,3245,,0.04831285774707794
540,3245,0.015558214858174324,
541,3251,,0.08228512853384018
541,3251,0.021421724930405617,
542,3257,,0.04267500340938568
542,3257,0.019780226051807404,
543,3263,,0.052030712366104126
543,3263,0.01998012512922287,
544,3269,,0.062032878398895264
544,3269,0.020728833973407745,
545,3275,,0.042604632675647736
545,3275,0.01743501052260399,
546,3281,,0.07779835164546967
546,3281,0.018486756831407547,
547,3287,,0.026421699672937393
547,3287,0.015610193833708763,
548,3293,,0.07882047444581985
548,3293,0.015394258312880993,
549,3299,,0.07043202221393585
549,3299,0.023592693731188774,
550,3305,,0.05275347828865051
550,3305,0.018714243546128273,
551,3311,,0.05532212182879448
551,3311,0.017734166234731674,
552,3317,,0.05849121883511543
552,3317,0.015222718939185143,
553,3323,,0.06074625998735428
553,3323,0.01867344044148922,
554,3329,,0.04735597223043442
554,3329,0.018618769943714142,
555,3335,,0.08400706946849823
555,3335,0.015526444651186466,
556,3341,,0.0263438168913126
556,3341,0.014844081364572048,
557,3347,,0.09388919919729233
557,3347,0.02344323880970478,
558,3353,,0.038707345724105835
558,3353,0.0188252255320549,
559,3359,,0.05798846483230591
559,3359,0.017857827246189117,
560,3365,,0.04597886651754379
560,3365,0.01362620759755373,
561,3371,,0.06916757673025131
561,3371,0.013811124488711357,
562,3377,,0.04414850100874901
562,3377,0.01973220333456993,
563,3383,,0.06601105630397797
563,3383,0.0190513264387846,
564,3389,,0.055985599756240845
564,3389,0.020183099433779716,
565,3395,,0.058462031185626984
565,3395,0.014383175410330296,
566,3401,,0.05340980365872383
566,3401,0.016522398218512535,
567,3407,,0.057935602962970734
567,3407,0.019313989207148552,
568,3413,,0.060591865330934525
568,3413,0.015135240741074085,
569,3419,,0.059385158121585846
569,3419,0.015736013650894165,
570,3425,,0.04690656438469887
570,3425,0.014378140680491924,
571,3431,,0.04905059561133385
571,3431,0.020056897774338722,
572,3437,,0.04873238131403923
572,3437,0.015304898843169212,
573,3443,,0.0637330710887909
573,3443,0.0149898836389184,
574,3449,,0.07063307613134384
574,3449,0.01987280882894993,
575,3455,,0.03231661394238472
575,3455,0.02305937372148037,
576,3461,,0.04092941805720329
576,3461,0.018226657062768936,
577,3467,,0.06036021560430527
577,3467,0.018934354186058044,
578,3473,,0.04321291297674179
578,3473,0.019186070188879967,
579,3479,,0.0587761215865612
579,3479,0.013814154081046581,
580,3485,,0.052316926419734955
580,3485,0.01530523132532835,
581,3491,,0.05415765196084976
581,3491,0.016460470855236053,
582,3497,,0.05287017673254013
582,3497,0.019591592252254486,
583,3503,,0.05692899227142334
583,3503,0.01619422808289528,
584,3509,,0.05059080198407173
584,3509,0.016298700124025345,
585,3515,,0.06156783550977707
585,3515,0.015247710980474949,
586,3521,,0.04964330419898033
586,3521,0.018360042944550514,
587,3527,,0.06417785584926605
587,3527,0.01780496910214424,
588,3533,,0.038652509450912476
588,3533,0.017535261809825897,
589,3539,,0.06602616608142853
589,3539,0.01817864365875721,
590,3545,,0.057625770568847656
590,3545,0.0155807388946414,
591,3551,,0.048786066472530365
591,3551,0.014216585084795952,
592,3557,,0.04303327947854996
592,3557,0.017871806398034096,
593,3563,,0.0561562106013298
593,3563,0.01550147496163845,
594,3569,,0.04578767344355583
594,3569,0.016034698113799095,
595,3575,,0.058879900723695755
595,3575,0.015573223121464252,
596,3581,,0.04339386150240898
596,3581,0.016758844256401062,
597,3587,,0.061953116208314896
597,3587,0.0191132090985775,
598,3593,,0.056080229580402374
598,3593,0.01624107174575329,
599,3599,,0.06794098019599915
599,3599,0.015070582740008831,
600,3605,,0.04632771760225296
600,3605,0.017321918159723282,
601,3611,,0.059465955942869186
601,3611,0.016671398654580116,
602,3617,,0.06195806711912155
602,3617,0.017783015966415405,
603,3623,,0.05112820118665695
603,3623,0.016029246151447296,
604,3629,,0.04709446430206299
604,3629,0.01580757088959217,
605,3635,,0.08436325937509537
605,3635,0.017940642312169075,
606,3641,,0.03078470006585121
606,3641,0.016362275928258896,
607,3647,,0.08335696160793304
607,3647,0.022057868540287018,
608,3653,,0.03906247019767761
608,3653,0.016373442485928535,
609,3659,,0.07570768147706985
609,3659,0.01629788801074028,
610,3665,,0.04139809310436249
610,3665,0.013768002390861511,
611,3671,,0.06680186092853546
611,3671,0.017308374866843224,
612,3677,,0.0517549142241478
612,3677,0.01790730282664299,
613,3683,,0.04572926089167595
613,3683,0.01592293009161949,
614,3689,,0.04657167196273804
614,3689,0.01973356120288372,
615,3695,,0.06639929860830307
615,3695,0.02356397546827793,
616,3701,,0.030902620404958725
616,3701,0.017763186246156693,
617,3707,,0.07049386948347092
617,3707,0.024249212816357613,
618,3713,,0.032176680862903595
618,3713,0.019017111510038376,
619,3719,,0.06326013058423996
619,3719,0.018359478563070297,
620,3725,,0.05318961292505264
620,3725,0.023186292499303818,
621,3731,,0.04683370515704155
621,3731,0.017126278951764107,
622,3737,,0.067621149122715
622,3737,0.014836172573268414,
623,3743,,0.05552411824464798
623,3743,0.015900351107120514,
624,3749,,0.05432381480932236
624,3749,0.01574563980102539,
625,3755,,0.04196532815694809
625,3755,0.017054356634616852,
626,3761,,0.0825309231877327
626,3761,0.01667548529803753,
627,3767,,0.03464766964316368
627,3767,0.013721714727580547,
628,3773,,0.06178735941648483
628,3773,0.01661636307835579,
629,3779,,0.057127147912979126
629,3779,0.01964946836233139,
630,3785,,0.06469845026731491
630,3785,0.01838570460677147,
631,3791,,0.04348345100879669
631,3791,0.019370537251234055,
632,3797,,0.08234638720750809
632,3797,0.020223384723067284,
633,3803,,0.043203528970479965
633,3803,0.017838362604379654,
634,3809,,0.07515541464090347
634,3809,0.01697579398751259,
635,3815,,0.044289980083703995
635,3815,0.017749471589922905,
636,3821,,0.049797989428043365
636,3821,0.014110442250967026,
637,3827,,0.04963076859712601
637,3827,0.015113001689314842,
638,3833,,0.046358250081539154
638,3833,0.014008154161274433,
639,3839,,0.0679439902305603
639,3839,0.011718385852873325,
640,3845,,0.04676409065723419
640,3845,0.01487386878579855,
641,3851,,0.07648786157369614
641,3851,0.014233994297683239,
642,3857,,0.05199528858065605
642,3857,0.020990777760744095,
643,3863,,0.07188010960817337
643,3863,0.01745191216468811,
644,3869,,0.051106326282024384
644,3869,0.01675570383667946,
645,3875,,0.04560686647891998
645,3875,0.01826733909547329,
646,3881,,0.06843741238117218
646,3881,0.017931567505002022,
647,3887,,0.0474657341837883
647,3887,0.017969440668821335,
648,3893,,0.05557671934366226
648,3893,0.014191211201250553,
649,3899,,0.05655122548341751
649,3899,0.018771538510918617,
650,3905,,0.045118801295757294
650,3905,0.016581151634454727,
651,3911,,0.0838434025645256
651,3911,0.02307979017496109,
652,3917,,0.038345422595739365
652,3917,0.01861676201224327,
653,3923,,0.05976557731628418
653,3923,0.01435236819088459,
654,3929,,0.07194746285676956
654,3929,0.015401607379317284,
655,3935,,0.05944110080599785
655,3935,0.019181152805685997,
656,3941,,0.061411403119564056
656,3941,0.01658002845942974,
657,3947,,0.041679155081510544
657,3947,0.015622314065694809,
658,3953,,0.08099076896905899
658,3953,0.02327769622206688,
659,3959,,0.047381412237882614
659,3959,0.02013196051120758,
660,3965,,0.05834300071001053
660,3965,0.017804760485887527,
661,3971,,0.0563499815762043
661,3971,0.01582580804824829,
662,3977,,0.04777705296874046
662,3977,0.0166446715593338,
663,3983,,0.07115637511014938
663,3983,0.021910449489951134,
664,3989,,0.05595773458480835
664,3989,0.015053225681185722,
665,3995,,0.07647289335727692
665,3995,0.014261577278375626,
666,4001,,0.04382195323705673
666,4001,0.01632683537900448,
667,4007,,0.09235041588544846
667,4007,0.017412247136235237,
668,4013,,0.045821111649274826
668,4013,0.016561290249228477,
669,4019,,0.06937212496995926
669,4019,0.017046313732862473,
670,4025,,0.05174834653735161
670,4025,0.01529006939381361,
671,4031,,0.06558845937252045
671,4031,0.013853056356310844,
672,4037,,0.03696301952004433
672,4037,0.014987107366323471,
673,4043,,0.07116346061229706
673,4043,0.02257593534886837,
674,4049,,0.04527490586042404
674,4049,0.020607750862836838,
675,4055,,0.09858915209770203
675,4055,0.023858727887272835,
676,4061,,0.026514237746596336
676,4061,0.0203254371881485,
677,4067,,0.07979799062013626
677,4067,0.0203164704144001,
678,4073,,0.03662924841046333
678,4073,0.017821932211518288,
679,4079,,0.07079897820949554
679,4079,0.017114488407969475,
680,4085,,0.05432935804128647
680,4085,0.01735522784292698,
681,4091,,0.05492836982011795
681,4091,0.02174830436706543,
682,4097,,0.05338656157255173
682,4097,0.020552627742290497,
683,4103,,0.07053105533123016
683,4103,0.01632513664662838,
684,4109,,0.03918774798512459
684,4109,0.01825403980910778,
685,4115,,0.06611932814121246
685,4115,0.014952724799513817,
686,4121,,0.06168628856539726
686,4121,0.015325135551393032,
687,4127,,0.05746825784444809
687,4127,0.01648278720676899,
688,4133,,0.054516248404979706
688,4133,0.013894756324589252,
689,4139,,0.03543008491396904
689,4139,0.013390952721238136,
690,4145,,0.06322205066680908
690,4145,0.014214941300451756,
691,4151,,0.06245945766568184
691,4151,0.01599324867129326,
692,4157,,0.047661349177360535
692,4157,0.017048774287104607,
693,4163,,0.05564671754837036
693,4163,0.016404617577791214,
694,4169,,0.06797730922698975
694,4169,0.017983146011829376,
695,4175,,0.056173454970121384
695,4175,0.01673685945570469,
696,4181,,0.0632537305355072
696,4181,0.021926887333393097,
697,4187,,0.04383596032857895
697,4187,0.016975710168480873,
698,4193,,0.05166762322187424
698,4193,0.017035964876413345,
699,4199,,0.0757632926106453
699,4199,0.02113623358309269,
700,4205,,0.04455595463514328
700,4205,0.01815755106508732,
701,4211,,0.07653237879276276
701,4211,0.017543377354741096,
702,4217,,0.026051456108689308
702,4217,0.014271789230406284,
703,4223,,0.09575507789850235
703,4223,0.021412629634141922,
704,4229,,0.04161253944039345
704,4229,0.017649801447987556,
705,4235,,0.08680714666843414
705,4235,0.02653522789478302,
706,4241,,0.04535440355539322
706,4241,0.017836544662714005,
707,4247,,0.06172134727239609
707,4247,0.016220856457948685,
708,4253,,0.07008063048124313
708,4253,0.022069184109568596,
709,4259,,0.04738788679242134
709,4259,0.014492085203528404,
710,4265,,0.05169687792658806
710,4265,0.018299980089068413,
711,4271,,0.06463796645402908
711,4271,0.015742100775241852,
712,4277,,0.05424888804554939
712,4277,0.012820661999285221,
713,4283,,0.053905315697193146
713,4283,0.01982640102505684,
714,4289,,0.05344834178686142
714,4289,0.022623928263783455,
715,4295,,0.07122715562582016
715,4295,0.012971925549209118,
716,4301,,0.0426160953938961
716,4301,0.019364509731531143,
717,4307,,0.06035410612821579
717,4307,0.01515436451882124,
718,4313,,0.048181816935539246
718,4313,0.021090421825647354,
719,4319,,0.05999181792140007
719,4319,0.02051086723804474,
720,4325,,0.03911910206079483
720,4325,0.013215905986726284,
721,4331,,0.0683256983757019
721,4331,0.013446020893752575,
722,4337,,0.033643558621406555
722,4337,0.018801486119627953,
723,4343,,0.07867937535047531
723,4343,0.017558829858899117,
724,4349,,0.037980061024427414
724,4349,0.01378518994897604,
725,4355,,0.07467424869537354
725,4355,0.018994970247149467,
726,4361,,0.03730328753590584
726,4361,0.014895245432853699,
727,4367,,0.053906332701444626
727,4367,0.014644058421254158,
728,4373,,0.059811364859342575
728,4373,0.01459221076220274,
729,4379,,0.04344506934285164
729,4379,0.015189816243946552,
730,4385,,0.08704349398612976
730,4385,0.01652390882372856,
731,4391,,0.034947287291288376
731,4391,0.01727600209414959,
732,4397,,0.08875425159931183
732,4397,0.02098633348941803,
733,4403,,0.030268896371126175
733,4403,0.01785699464380741,
734,4409,,0.06580621749162674
734,4409,0.013338879682123661,
735,4415,,0.04348194971680641
735,4415,0.013964940793812275,
736,4421,,0.06513860076665878
736,4421,0.017336567863821983,
737,4427,,0.056422483175992966
737,4427,0.016756048426032066,
738,4433,,0.05898366495966911
738,4433,0.015379934571683407,
739,4439,,0.06206122785806656
739,4439,0.014854982495307922,
740,4445,,0.04956793040037155
740,4445,0.017984168604016304,
741,4451,,0.0747276023030281
741,4451,0.013774657621979713,
742,4457,,0.042676255106925964
742,4457,0.015359069220721722,
743,4463,,0.06076385825872421
743,4463,0.016473865136504173,
744,4469,,0.07365995645523071
744,4469,0.018492894247174263,
745,4475,,0.040472324937582016
745,4475,0.019700653851032257,
746,4481,,0.0504692904651165
746,4481,0.016890056431293488,
747,4487,,0.05361960083246231
747,4487,0.014266313053667545,
748,4493,,0.05294723063707352
748,4493,0.016216516494750977,
749,4499,,0.043310899287462234
749,4499,0.013677886687219143,
750,4505,,0.049663253128528595
750,4505,0.014994502998888493,
751,4511,,0.05716090649366379
751,4511,0.016835885122418404,
752,4517,,0.05302480608224869
752,4517,0.014760146848857403,
753,4523,,0.06111341714859009
753,4523,0.016670551151037216,
754,4529,,0.04002730920910835
754,4529,0.014307812787592411,
755,4535,,0.07114677131175995
755,4535,0.018130462616682053,
756,4541,,0.04304209724068642
756,4541,0.014203359372913837,
757,4547,,0.04549824446439743
757,4547,0.019908567890524864,
758,4553,,0.05936932563781738
758,4553,0.013538377359509468,
759,4559,,0.05299827456474304
759,4559,0.018427923321723938,
760,4565,,0.03029036521911621
760,4565,0.011080082505941391,
761,4571,,0.07813320308923721
761,4571,0.019969625398516655,
762,4577,,0.03893298655748367
762,4577,0.015254778787493706,
763,4583,,0.09099829196929932
763,4583,0.01560436375439167,
764,4589,,0.028583889827132225
764,4589,0.01441715657711029,
765,4595,,0.06065969541668892
765,4595,0.013970021158456802,
766,4601,,0.03711949288845062
766,4601,0.015610340982675552,
767,4607,,0.06035035848617554
767,4607,0.01360594853758812,
768,4613,,0.02890738844871521
768,4613,0.013592750765383244,
769,4619,,0.08141100406646729
769,4619,0.016942884773015976,
770,4625,,0.05634462833404541
770,4625,0.017482507973909378,
771,4631,,0.04851341247558594
771,4631,0.018089603632688522,
772,4637,,0.06108706071972847
772,4637,0.016954993829131126,
773,4643,,0.06363926082849503
773,4643,0.022013578563928604,
774,4649,,0.04348580539226532
774,4649,0.016665222123265266,
775,4655,,0.05283737927675247
775,4655,0.017067665234208107,
776,4661,,0.0486416332423687
776,4661,0.015181968919932842,
777,4667,,0.06074516847729683
777,4667,0.012161161750555038,
778,4673,,0.07336312532424927
778,4673,0.014953827485442162,
779,4679,,0.06118321418762207
779,4679,0.019890181720256805,
780,4685,,0.04931432381272316
780,4685,0.017901858314871788,
781,4691,,0.06261610239744186
781,4691,0.017786813899874687,
782,4697,,0.053619612008333206
782,4697,0.016830258071422577,
783,4703,,0.03600726276636124
783,4703,0.017142046242952347,
784,4709,,0.08254233002662659
784,4709,0.019446182996034622,
785,4715,,0.04150072857737541
785,4715,0.01639893278479576,
786,4721,,0.07744723558425903
786,4721,0.016378838568925858,
787,4727,,0.044684551656246185
787,4727,0.015826113522052765,
788,4733,,0.07390430569648743
788,4733,0.015354596078395844,
789,4739,,0.054649464786052704
789,4739,0.01827928237617016,
790,4745,,0.04125102609395981
790,4745,0.014967733062803745,
791,4751,,0.09596739709377289
791,4751,0.017547426745295525,
792,4757,,0.0222147386521101
792,4757,0.018007325008511543,
793,4763,,0.0850282832980156
793,4763,0.02175331860780716,
794,4769,,0.03144706040620804
794,4769,0.016345784068107605,
795,4775,,0.08135059475898743
795,4775,0.017927775159478188,
796,4781,,0.039300013333559036
796,4781,0.018832048401236534,
797,4787,,0.047678373754024506
797,4787,0.01615690253674984,
798,4793,,0.06745107471942902
798,4793,0.018238669261336327,
799,4799,,0.03531600907444954
799,4799,0.01375037431716919,
800,4805,,0.05228418856859207
800,4805,0.015323376283049583,
801,4811,,0.04799127206206322
801,4811,0.015137506648898125,
802,4817,,0.05217009037733078
802,4817,0.0166451595723629,
803,4823,,0.05086899548768997
803,4823,0.0137185612693429,
804,4829,,0.07405582070350647
804,4829,0.014751914888620377,
805,4835,,0.04545574635267258
805,4835,0.01548803225159645,
806,4841,,0.04379231855273247
806,4841,0.01885557547211647,
807,4847,,0.060890354216098785
807,4847,0.011944949626922607,
808,4853,,0.04468030110001564
808,4853,0.014401005581021309,
809,4859,,0.059002142399549484
809,4859,0.01962346024811268,
810,4865,,0.045517999678850174
810,4865,0.014968662522733212,
811,4871,,0.03948000445961952
811,4871,0.01478713471442461,
812,4877,,0.0703749805688858
812,4877,0.015364067628979683,
813,4883,,0.0366775244474411
813,4883,0.01364037487655878,
814,4889,,0.09455499053001404
814,4889,0.015790598466992378,
815,4895,,0.04702357202768326
815,4895,0.022566966712474823,
816,4901,,0.04502620920538902
816,4901,0.011851919814944267,
817,4907,,0.0735342726111412
817,4907,0.016064021736383438,
818,4913,,0.04677353426814079
818,4913,0.01568547450006008,
819,4919,,0.05241221934556961
819,4919,0.01697169430553913,
820,4925,,0.061243247240781784
820,4925,0.014871970750391483,
821,4931,,0.036585114896297455
821,4931,0.01709781214594841,
822,4937,,0.052544064819812775
822,4937,0.016491513699293137,
823,4943,,0.03989940881729126
823,4943,0.014324946328997612,
824,4949,,0.05566602945327759
824,4949,0.01560970302671194,
825,4955,,0.04035108536481857
825,4955,0.016091886907815933,
826,4961,,0.042897358536720276
826,4961,0.016156915575265884,
827,4967,,0.0797077938914299
827,4967,0.01670670695602894,
828,4973,,0.039888300001621246
828,4973,0.015799567103385925,
829,4979,,0.07122234255075455
829,4979,0.014289401471614838,
830,4985,,0.033074744045734406
830,4985,0.011721238493919373,
831,4991,,0.0700933039188385
831,4991,0.01895305886864662,
832,4997,,0.05166914314031601
832,4997,0.01310744695365429,
833,5003,,0.05334809422492981
833,5003,0.019310420379042625,
834,5009,,0.04861695319414139
834,5009,0.014283748343586922,
835,5015,,0.041589148342609406
835,5015,0.014830284751951694,
836,5021,,0.0646016076207161
836,5021,0.016687780618667603,
837,5027,,0.049891725182533264
837,5027,0.013662644661962986,
838,5033,,0.043132614344358444
838,5033,0.01846267841756344,
839,5039,,0.05655092000961304
839,5039,0.015113980509340763,
840,5045,,0.05470585823059082
840,5045,0.019704651087522507,
841,5051,,0.061423443257808685
841,5051,0.013289516791701317,
842,5057,,0.03511703386902809
842,5057,0.013611323200166225,
843,5063,,0.08405294269323349
843,5063,0.0180727019906044,
844,5069,,0.040374115109443665
844,5069,0.01812145486474037,
845,5075,,0.0851130560040474
845,5075,0.019336815923452377,
846,5081,,0.04630470648407936
846,5081,0.01949990727007389,
847,5087,,0.063617043197155
847,5087,0.015739163383841515,
848,5093,,0.061425577849149704
848,5093,0.015825049951672554,
849,5099,,0.06722976267337799
849,5099,0.012848436832427979,
850,5105,,0.043730176985263824
850,5105,0.014300411567091942,
851,5111,,0.07861345261335373
851,5111,0.017715992406010628,
852,5117,,0.03444011136889458
852,5117,0.018829943612217903,
853,5123,,0.07057324051856995
853,5123,0.01467853132635355,
854,5129,,0.04103347659111023
854,5129,0.016315916553139687,
855,5135,,0.06942424178123474
855,5135,0.01706032268702984,
856,5141,,0.053958505392074585
856,5141,0.021131087094545364,
857,5147,,0.06614645570516586
857,5147,0.01368924230337143,
858,5153,,0.03408265858888626
858,5153,0.015048110857605934,
859,5159,,0.07835042476654053
859,5159,0.01721940003335476,
860,5165,,0.033561378717422485
860,5165,0.015699975192546844,
861,5171,,0.06785426288843155
861,5171,0.020374037325382233,
862,5177,,0.07197223603725433
862,5177,0.01908179745078087,
863,5183,,0.03364173695445061
863,5183,0.018501082435250282,
864,5189,,0.0775730311870575
864,5189,0.014098161831498146,
865,5195,,0.04907531291246414
865,5195,0.014151494018733501,
866,5201,,0.06519576907157898
866,5201,0.011205444112420082,
867,5207,,0.052652619779109955
867,5207,0.01440639328211546,
868,5213,,0.0742625817656517
868,5213,0.017275212332606316,
869,5219,,0.04737899824976921
869,5219,0.015675731003284454,
870,5225,,0.05256948620080948
870,5225,0.012632088735699654,
871,5231,,0.06159660965204239
871,5231,0.016444899141788483,
872,5237,,0.057655416429042816
872,5237,0.01566801220178604,
873,5243,,0.042817551642656326
873,5243,0.018096379935741425,
874,5249,,0.05819741636514664
874,5249,0.019268475472927094,
875,5255,,0.06274397671222687
875,5255,0.018111515790224075,
876,5261,,0.04833853244781494
876,5261,0.011751720681786537,
877,5267,,0.06664210557937622
877,5267,0.018338792026042938,
878,5273,,0.04246124252676964
878,5273,0.012301521375775337,
879,5279,,0.05473275110125542
879,5279,0.015401114709675312,
880,5285,,0.03894535452127457
880,5285,0.014526418410241604,
881,5291,,0.07224486768245697
881,5291,0.012974121607840061,
882,5297,,0.04819510877132416
882,5297,0.0149643300101161,
883,5303,,0.08013558387756348
883,5303,0.014354540035128593,
884,5309,,0.03909081593155861
884,5309,0.014186542481184006,
885,5315,,0.04807661846280098
885,5315,0.019439883530139923,
886,5321,,0.034063246101140976
886,5321,0.016580766066908836,
887,5327,,0.07510938495397568
887,5327,0.016286591067910194,
888,5333,,0.04520892724394798
888,5333,0.015126334503293037,
889,5339,,0.05500238388776779
889,5339,0.015086607076227665,
890,5345,,0.051050834357738495
890,5345,0.013126177713274956,
891,5351,,0.024931594729423523
891,5351,0.012499310076236725,
892,5357,,0.07067795842885971
892,5357,0.016551882028579712,
893,5363,,0.04915488138794899
893,5363,0.01515293400734663,
894,5369,,0.04734189435839653
894,5369,0.018920091912150383,
895,5375,,0.05273284390568733
895,5375,0.014873357489705086,
896,5381,,0.046437691897153854
896,5381,0.0180631335824728,
897,5387,,0.043202102184295654
897,5387,0.011638750322163105,
898,5393,,0.04936300963163376
898,5393,0.010962904430925846,
899,5399,,0.07144828140735626
899,5399,0.014626819640398026,
900,5405,,0.03262333571910858
900,5405,0.015124903991818428,
901,5411,,0.05689813569188118
901,5411,0.014305726625025272,
902,5417,,0.03987070918083191
902,5417,0.013361943885684013,
903,5423,,0.06711731851100922
903,5423,0.011612356640398502,
904,5429,,0.053370676934719086
904,5429,0.01492389664053917,
905,5435,,0.04004766419529915
905,5435,0.013888303190469742,
906,5441,,0.04656144604086876
906,5441,0.01409606821835041,
907,5447,,0.04981560632586479
907,5447,0.01645558327436447,
908,5453,,0.05608316510915756
908,5453,0.010625760070979595,
909,5459,,0.06301403790712357
909,5459,0.015424678102135658,
910,5465,,0.04410301521420479
910,5465,0.013901522383093834,
911,5471,,0.05002395436167717
911,5471,0.020905785262584686,
912,5477,,0.06705306470394135
912,5477,0.018020715564489365,
913,5483,,0.0366811640560627
913,5483,0.01580004207789898,
914,5489,,0.06104264408349991
914,5489,0.018848326057195663,
915,5495,,0.06263679265975952
915,5495,0.01539602130651474,
916,5501,,0.034456901252269745
916,5501,0.01801031455397606,
917,5507,,0.07518808543682098
917,5507,0.01817494072020054,
918,5513,,0.0196954645216465
918,5513,0.015954799950122833,
919,5519,,0.09144220501184464
919,5519,0.01983465813100338,
920,5525,,0.04637829214334488
920,5525,0.023194508627057076,
921,5531,,0.0399722196161747
921,5531,0.014000263065099716,
922,5537,,0.051784079521894455
922,5537,0.013147717341780663,
923,5543,,0.039368417114019394
923,5543,0.013902376405894756,
924,5549,,0.07068555057048798
924,5549,0.015578825026750565,
925,5555,,0.040385711938142776
925,5555,0.017096340656280518,
926,5561,,0.04936923459172249
926,5561,0.015335967764258385,
927,5567,,0.05160384252667427
927,5567,0.01689591072499752,
928,5573,,0.05172387510538101
928,5573,0.01845056749880314,
929,5579,,0.0639175996184349
929,5579,0.023993680253624916,
930,5585,,0.07391346246004105
930,5585,0.018477775156497955,
931,5591,,0.018747059628367424
931,5591,0.015229043550789356,
932,5597,,0.08060313761234283
932,5597,0.01435926929116249,
933,5603,,0.0334932915866375
933,5603,0.014361212030053139,
934,5609,,0.07885375618934631
934,5609,0.020957639440894127,
935,5615,,0.02390412427484989
935,5615,0.01675950363278389,
936,5621,,0.05855782702565193
936,5621,0.016687393188476562,
937,5627,,0.05419551581144333
937,5627,0.016462260857224464,
938,5633,,0.04921036958694458
938,5633,0.015345999039709568,
939,5639,,0.03829386457800865
939,5639,0.015953795984387398,
940,5645,,0.08267322182655334
940,5645,0.015844570472836494,
941,5651,,0.04521075263619423
941,5651,0.01488824374973774,
942,5657,,0.06316159665584564
942,5657,0.018670666962862015,
943,5663,,0.048884082585573196
943,5663,0.015650205314159393,
944,5669,,0.03946065902709961
944,5669,0.017860857769846916,
945,5675,,0.053088556975126266
945,5675,0.018509995192289352,
946,5681,,0.0826716348528862
946,5681,0.015495683997869492,
947,5687,,0.0590846911072731
947,5687,0.016779746860265732,
948,5693,,0.05565251037478447
948,5693,0.019148342311382294,
949,5699,,0.043500058352947235
949,5699,0.017058681696653366,
950,5705,,0.07705757021903992
950,5705,0.012915965169668198,
951,5711,,0.05488104373216629
951,5711,0.014058982953429222,
952,5717,,0.058098651468753815
952,5717,0.01832551509141922,
953,5723,,0.0329950675368309
953,5723,0.01839197799563408,
954,5729,,0.05760035663843155
954,5729,0.017384657636284828,
955,5735,,0.057054199278354645
955,5735,0.019155407324433327,
956,5741,,0.053044192492961884
956,5741,0.010203849524259567,
957,5747,,0.06260202825069427
957,5747,0.01615026965737343,
958,5753,,0.03276415541768074
958,5753,0.018066884949803352,
959,5759,,0.05468774959445
959,5759,0.017265168949961662,
960,5765,,0.04988129436969757
960,5765,0.01680305041372776,
961,5771,,0.07007357478141785
961,5771,0.012303601019084454,
962,5777,,0.040048230439424515
962,5777,0.017545374110341072,
963,5783,,0.046558745205402374
963,5783,0.015806274488568306,
964,5789,,0.06988567858934402
964,5789,0.021260902285575867,
965,5795,,0.06577791273593903
965,5795,0.014471913687884808,
966,5801,,0.0436137355864048
966,5801,0.01807102933526039,
967,5807,,0.04946001246571541
967,5807,0.01730567030608654,
968,5813,,0.05744165927171707
968,5813,0.011843735352158546,
969,5819,,0.03982171043753624
969,5819,0.012926198542118073,
970,5825,,0.05057115480303764
970,5825,0.0174455214291811,
971,5831,,0.0471922904253006
971,5831,0.012219315394759178,
972,5837,,0.06146486476063728
972,5837,0.013444758951663971,
973,5843,,0.06387969106435776
973,5843,0.01764916069805622,
974,5849,,0.025900166481733322
974,5849,0.01605837792158127,
975,5855,,0.10392273962497711
975,5855,0.020261945202946663,
976,5861,,0.05996198579668999
976,5861,0.018887357786297798,
977,5867,,0.03339788690209389
977,5867,0.015013792552053928,
978,5873,,0.08579298108816147
978,5873,0.014209208078682423,
979,5879,,0.05357065051794052
979,5879,0.016306303441524506,
980,5885,,0.08208867907524109
980,5885,0.014102487824857235,
981,5891,,0.04437484219670296
981,5891,0.01830141618847847,
982,5897,,0.04268386960029602
982,5897,0.01649169623851776,
983,5903,,0.06627672165632248
983,5903,0.017392655834555626,
984,5909,,0.059375911951065063
984,5909,0.01945251040160656,
985,5915,,0.05935473367571831
985,5915,0.024207741022109985,
986,5921,,0.04488904029130936
986,5921,0.017715098336338997,
987,5927,,0.07974784076213837
987,5927,0.013650728389620781,
988,5933,,0.03660605847835541
988,5933,0.021773120388388634,
989,5939,,0.097950778901577
989,5939,0.01770019344985485,
990,5945,,0.039265282452106476
990,5945,0.02257787436246872,
991,5951,,0.061839401721954346
991,5951,0.013924024999141693,
992,5957,,0.0828595906496048
992,5957,0.020699841901659966,
993,5963,,0.03268934413790703
993,5963,0.019444793462753296,
994,5969,,0.06610849499702454
994,5969,0.014525657519698143,
995,5975,,0.04832477122545242
995,5975,0.016535762697458267,
996,5981,,0.05195585638284683
996,5981,0.011564066633582115,
997,5987,,0.06380271911621094
997,5987,0.014754867181181908,
998,5993,,0.061862654983997345
998,5993,0.013167942874133587,
999,5999,,0.03588094562292099
999,5999,0.013882662169635296,
1000,6005,,0.08950294554233551
1000,6005,0.0171955656260252,
1001,6011,,0.03674743324518204
1001,6011,0.017580196261405945,
1002,6017,,0.05671411007642746
1002,6017,0.014079414308071136,
1003,6023,,0.06649640202522278
1003,6023,0.016932757571339607,
1004,6029,,0.033622320741415024
1004,6029,0.016974257305264473,
1005,6035,,0.06966901570558548
1005,6035,0.01316007599234581,
1006,6041,,0.053556691855192184
1006,6041,0.01449168287217617,
1007,6047,,0.046585604548454285
1007,6047,0.01378076896071434,
1008,6053,,0.06813167780637741
1008,6053,0.013171735219657421,
1009,6059,,0.04720019921660423
1009,6059,0.013505167327821255,
1010,6065,,0.04788469523191452
1010,6065,0.0153509471565485,
1011,6071,,0.039128150790929794
1011,6071,0.01805368810892105,
1012,6077,,0.0635322704911232
1012,6077,0.015873219817876816,
1013,6083,,0.06550619751214981
1013,6083,0.015195599757134914,
1014,6089,,0.04678824543952942
1014,6089,0.015919458121061325,
1015,6095,,0.07460993528366089
1015,6095,0.013737539760768414,
1016,6101,,0.048889610916376114
1016,6101,0.018582141026854515,
1017,6107,,0.055537622421979904
1017,6107,0.014038218185305595,
1018,6113,,0.07393079251050949
1018,6113,0.022290457040071487,
1019,6119,,0.057166021317243576
1019,6119,0.01991621032357216,
1020,6125,,0.039869312196969986
1020,6125,0.013703693635761738,
1021,6131,,0.06827311962842941
1021,6131,0.014530036598443985,
1022,6137,,0.05350720137357712
1022,6137,0.016934741288423538,
1023,6143,,0.031987931579351425
1023,6143,0.017932383343577385,
1024,6149,,0.08702598512172699
1024,6149,0.01814066804945469,
1025,6155,,0.03246384114027023
1025,6155,0.015876444056630135,
1026,6161,,0.05725742504000664
1026,6161,0.016441700980067253,
1027,6167,,0.047105226665735245
1027,6167,0.013411685824394226,
1028,6173,,0.07320640236139297
1028,6173,0.01380862109363079,
1029,6179,,0.048745762556791306
1029,6179,0.016165168955922127,
1030,6185,,0.05988463759422302
1030,6185,0.012776372022926807,
1031,6191,,0.055337678641080856
1031,6191,0.015999585390090942,
1032,6197,,0.052067361772060394
1032,6197,0.013541030697524548,
1033,6203,,0.04950546473264694
1033,6203,0.01659366674721241,
1034,6209,,0.07280833274126053
1034,6209,0.01467147096991539,
1035,6215,,0.04597516730427742
1035,6215,0.012650796212255955,
1036,6221,,0.048341598361730576
1036,6221,0.016282817348837852,
1037,6227,,0.08114001154899597
1037,6227,0.015027334913611412,
1038,6233,,0.04406946897506714
1038,6233,0.016222193837165833,
1039,6239,,0.045537903904914856
1039,6239,0.011982960626482964,
1040,6245,,0.050942666828632355
1040,6245,0.013282215222716331,
1041,6251,,0.03670699894428253
1041,6251,0.016175799071788788,
1042,6257,,0.05196850746870041
1042,6257,0.01523649413138628,
1043,6263,,0.08113056421279907
1043,6263,0.012932464480400085,
1044,6269,,0.03596334531903267
1044,6269,0.01678946428000927,
1045,6275,,0.06557991355657578
1045,6275,0.01376952975988388,
1046,6281,,0.06803090870380402
1046,6281,0.013908407650887966,
1047,6287,,0.06103334575891495
1047,6287,0.011914972215890884,
1048,6293,,0.03900784254074097
1048,6293,0.018625425174832344,
1049,6299,,0.06456901133060455
1049,6299,0.015549720264971256,
1050,6305,,0.07439789921045303
1050,6305,0.014710363000631332,
1051,6311,,0.061204902827739716
1051,6311,0.015864457935094833,
1052,6317,,0.03598608076572418
1052,6317,0.017196573317050934,
1053,6323,,0.11502846330404282
1053,6323,0.017530374228954315,
1054,6329,,0.022288000211119652
1054,6329,0.02098844386637211,
1055,6335,,0.07235913723707199
1055,6335,0.021191442385315895,
1056,6341,,0.06710579991340637
1056,6341,0.019807858392596245,
1057,6347,,0.04327412322163582
1057,6347,0.018472960218787193,
1058,6353,,0.059851206839084625
1058,6353,0.01615222729742527,
1059,6359,,0.07385730743408203
1059,6359,0.014285787008702755,
1060,6365,,0.06380715221166611
1060,6365,0.015010075643658638,
1061,6371,,0.02724129520356655
1061,6371,0.012760472483932972,
1062,6377,,0.0953216701745987
1062,6377,0.019610540941357613,
1063,6383,,0.04549425467848778
1063,6383,0.017591530457139015,
1064,6389,,0.030247921124100685
1064,6389,0.016040898859500885,
1065,6395,,0.0801854357123375
1065,6395,0.016453007236123085,
1066,6401,,0.06359070539474487
1066,6401,0.019972143694758415,
1067,6407,,0.03299451991915703
1067,6407,0.020300358533859253,
1068,6413,,0.08677858114242554
1068,6413,0.013496659696102142,
1069,6419,,0.06108400970697403
1069,6419,0.01753305271267891,
1070,6425,,0.0724460557103157
1070,6425,0.016076164320111275,
1071,6431,,0.0540226586163044
1071,6431,0.015909062698483467,
1072,6437,,0.056885819882154465
1072,6437,0.01779874414205551,
1073,6443,,0.07203067094087601
1073,6443,0.018943164497613907,
1074,6449,,0.04980294778943062
1074,6449,0.011721671558916569,
1075,6455,,0.06598491966724396
1075,6455,0.01652492769062519,
1076,6461,,0.043089479207992554
1076,6461,0.01989574357867241,
1077,6467,,0.06870026886463165
1077,6467,0.018604863435029984,
1078,6473,,0.03736023232340813
1078,6473,0.014697196893393993,
1079,6479,,0.0669054314494133
1079,6479,0.01894523575901985,
1080,6485,,0.02000783011317253
1080,6485,0.019074520096182823,
1081,6491,,0.10512763261795044
1081,6491,0.02030014805495739,
1082,6497,,0.04035281017422676
1082,6497,0.016744619235396385,
1083,6503,,0.0664416179060936
1083,6503,0.0207488015294075,
1084,6509,,0.04960296303033829
1084,6509,0.018544401973485947,
1085,6515,,0.06256652623414993
1085,6515,0.013154457323253155,
1086,6521,,0.05016520619392395
1086,6521,0.018268276005983353,
1087,6527,,0.08028340339660645
1087,6527,0.016752181574702263,
1088,6533,,0.028770465403795242
1088,6533,0.018243256956338882,
1089,6539,,0.07642985135316849
1089,6539,0.018320059403777122,
1090,6545,,0.06163407489657402
1090,6545,0.018743671476840973,
1091,6551,,0.07720237225294113
1091,6551,0.01600552164018154,
1092,6557,,0.05348784849047661
1092,6557,0.016074765473604202,
1093,6563,,0.037617187947034836
1093,6563,0.01604306511580944,
1094,6569,,0.04712102562189102
1094,6569,0.014753925614058971,
1095,6575,,0.05839318782091141
1095,6575,0.011516920290887356,
1096,6581,,0.057727497071027756
1096,6581,0.012693680822849274,
1097,6587,,0.043386250734329224
1097,6587,0.016065586358308792,
1098,6593,,0.12130875885486603
1098,6593,0.01741947792470455,
1099,6599,,0.020954236388206482
1099,6599,0.022468963637948036,
1100,6605,,0.05407672002911568
1100,6605,0.02348792366683483,
1101,6611,,0.06595439463853836
1101,6611,0.019981930032372475,
1102,6617,,0.07052052766084671
1102,6617,0.022695498540997505,
1103,6623,,0.04863927140831947
1103,6623,0.021060366183519363,
1104,6629,,0.05943145230412483
1104,6629,0.017750050872564316,
1105,6635,,0.04976135864853859
1105,6635,0.015032670460641384,
1106,6641,,0.06038600951433182
1106,6641,0.01796991378068924,
1107,6647,,0.07588674873113632
1107,6647,0.012895707041025162,
1108,6653,,0.037379566580057144
1108,6653,0.018298819661140442,
1109,6659,,0.09697636216878891
1109,6659,0.020776158198714256,
1110,6665,,0.03349072113633156
1110,6665,0.017376204952597618,
1111,6671,,0.08178244531154633
1111,6671,0.017247356474399567,
1112,6677,,0.06692377477884293
1112,6677,0.018968947231769562,
1113,6683,,0.027388785034418106
1113,6683,0.013726169243454933,
1114,6689,,0.0785863995552063
1114,6689,0.018861323595046997,
1115,6695,,0.043590471148490906
1115,6695,0.01601596735417843,
1116,6701,,0.05669655650854111
1116,6701,0.01466281432658434,
1117,6707,,0.08595290780067444
1117,6707,0.018348725512623787,
1118,6713,,0.02361661195755005
1118,6713,0.013963213190436363,
1119,6719,,0.09665952622890472
1119,6719,0.019109584391117096,
1120,6725,,0.0727258026599884
1120,6725,0.019512485712766647,
1121,6731,,0.0410907119512558
1121,6731,0.012211794033646584,
1122,6737,,0.09090743213891983
1122,6737,0.015271758660674095,
1123,6743,,0.05251368135213852
1123,6743,0.015967776998877525,
1124,6749,,0.0472138337790966
1124,6749,0.014910631813108921,
1125,6755,,0.04876525327563286
1125,6755,0.014316230081021786,
1126,6761,,0.0840676799416542
1126,6761,0.012753424234688282,
1127,6767,,0.03608553856611252
1127,6767,0.018171854317188263,
1128,6773,,0.0699329525232315
1128,6773,0.013344972394406796,
1129,6779,,0.036731068044900894
1129,6779,0.01781856268644333,
1130,6785,,0.08224722743034363
1130,6785,0.01308079157024622,
1131,6791,,0.028058331459760666
1131,6791,0.0213420819491148,
1132,6797,,0.05246233195066452
1132,6797,0.012867351062595844,
1133,6803,,0.0619455985724926
1133,6803,0.017230331897735596,
1134,6809,,0.0468425452709198
1134,6809,0.017670772969722748,
1135,6815,,0.06628484278917313
1135,6815,0.02037479355931282,
1136,6821,,0.04937407374382019
1136,6821,0.018818596377968788,
1137,6827,,0.046567726880311966
1137,6827,0.01612873002886772,
1138,6833,,0.070232093334198
1138,6833,0.014465848915278912,
1139,6839,,0.08238639682531357
1139,6839,0.018300233408808708,
1140,6845,,0.04815766215324402
1140,6845,0.013332896865904331,
1141,6851,,0.03562816604971886
1141,6851,0.01579778641462326,
1142,6857,,0.051958441734313965
1142,6857,0.0176373403519392,
1143,6863,,0.059017885476350784
1143,6863,0.017622072249650955,
1144,6869,,0.06619255244731903
1144,6869,0.01502471324056387,
1145,6875,,0.01903432607650757
1145,6875,0.011619561351835728,
1146,6881,,0.0739395022392273
1146,6881,0.025135265663266182,
1147,6887,,0.06882157176733017
1147,6887,0.019088758155703545,
1148,6893,,0.04723858833312988
1148,6893,0.01916475221514702,
1149,6899,,0.06789059937000275
1149,6899,0.017610901966691017,
1150,6905,,0.041195984929800034
1150,6905,0.013024711981415749,
1151,6911,,0.07327783107757568
1151,6911,0.01729367859661579,
1152,6917,,0.059713803231716156
1152,6917,0.016043275594711304,
1153,6923,,0.04239097610116005
1153,6923,0.01492372341454029,
1154,6929,,0.06099480390548706
1154,6929,0.013787905685603619,
1155,6935,,0.05132986232638359
1155,6935,0.012840960174798965,
1156,6941,,0.08794201910495758
1156,6941,0.01773742586374283,
1157,6947,,0.03136897832155228
1157,6947,0.016201388090848923,
1158,6953,,0.07746951282024384
1158,6953,0.014896399341523647,
1159,6959,,0.06105273216962814
1159,6959,0.017612552270293236,
1160,6965,,0.03520851954817772
1160,6965,0.019752023741602898,
1161,6971,,0.07822933793067932
1161,6971,0.013579582795500755,
1162,6977,,0.021234795451164246
1162,6977,0.015440382994711399,
1163,6983,,0.0671294778585434
1163,6983,0.016047777608036995,
1164,6989,,0.07571206241846085
1164,6989,0.01800285279750824,
1165,6995,,0.03375256061553955
1165,6995,0.016522541642189026,
1166,7001,,0.0798071026802063
1166,7001,0.015656787902116776,
1167,7007,,0.05302344635128975
1167,7007,0.01949687860906124,
1168,7013,,0.0249931663274765
1168,7013,0.017532551661133766,
1169,7019,,0.06423509865999222
1169,7019,0.015766197815537453,
1170,7025,,0.059834372252225876
1170,7025,0.015941044315695763,
1171,7031,,0.03911566361784935
1171,7031,0.014193976297974586,
1172,7037,,0.061923108994960785
1172,7037,0.013892734423279762,
1173,7043,,0.04585235193371773
1173,7043,0.014930062927305698,
1174,7049,,0.06904852390289307
1174,7049,0.015439378097653389,
1175,7055,,0.04721478000283241
1175,7055,0.013758103363215923,
1176,7061,,0.04428703710436821
1176,7061,0.017594626173377037,
1177,7067,,0.07553119212388992
1177,7067,0.016230139881372452,
1178,7073,,0.050181448459625244
1178,7073,0.01429715845733881,
1179,7079,,0.041762009263038635
1179,7079,0.00981090497225523,
1180,7085,,0.04021231457591057
1180,7085,0.014113456942141056,
1181,7091,,0.05583510547876358
1181,7091,0.01788492128252983,
1182,7097,,0.0578971728682518
1182,7097,0.013789709657430649,
1183,7103,,0.05044475942850113
1183,7103,0.017222048714756966,
1184,7109,,0.04714643955230713
1184,7109,0.012408466078341007,
1185,7115,,0.06697674095630646
1185,7115,0.013641483150422573,
1186,7121,,0.025728821754455566
1186,7121,0.0174197256565094,
1187,7127,,0.06583944708108902
1187,7127,0.012974466197192669,
1188,7133,,0.04637475311756134
1188,7133,0.016007471829652786,
1189,7139,,0.03425529971718788
1189,7139,0.012637178413569927,
1190,7145,,0.04791226610541344
1190,7145,0.019074367359280586,
1191,7151,,0.03982537239789963
1191,7151,0.015395532362163067,
1192,7157,,0.06029165908694267
1192,7157,0.019388742744922638,
1193,7163,,0.04001259803771973
1193,7163,0.014663508161902428,
1194,7169,,0.0713084265589714
1194,7169,0.019314028322696686,
1195,7175,,0.0730544924736023
1195,7175,0.01446052361279726,
1196,7181,,0.049316003918647766
1196,7181,0.017356475815176964,
1197,7187,,0.018250446766614914
1197,7187,0.015088953077793121,
1198,7193,,0.10171173512935638
1198,7193,0.017802905291318893,
1199,7199,,0.04927554726600647
1199,7199,0.018927842378616333,
1200,7205,,0.03561475872993469
1200,7205,0.017113417387008667,
1201,7211,,0.07226201146841049
1201,7211,0.01569017954170704,
1202,7217,,0.05283091217279434
1202,7217,0.01582440361380577,
1203,7223,,0.050839103758335114
1203,7223,0.015246661379933357,
1204,7229,,0.05042339488863945
1204,7229,0.015873868018388748,
1205,7235,,0.08438841998577118
1205,7235,0.01877780072391033,
1206,7241,,0.03003859892487526
1206,7241,0.012661004438996315,
1207,7247,,0.08095978200435638
1207,7247,0.01891070231795311,
1208,7253,,0.06309695541858673
1208,7253,0.018646646291017532,
1209,7259,,0.042460229247808456
1209,7259,0.016107065603137016,
1210,7265,,0.049683380872011185
1210,7265,0.015149219892919064,
1211,7271,,0.0550294928252697
1211,7271,0.010099164210259914,
1212,7277,,0.04166150093078613
1212,7277,0.016720419749617577,
1213,7283,,0.053260404616594315
1213,7283,0.012843875214457512,
1214,7289,,0.032963018864393234
1214,7289,0.015441765077412128,
1215,7295,,0.043036267161369324
1215,7295,0.015992673113942146,
1216,7301,,0.07668713480234146
1216,7301,0.01274742279201746,
1217,7307,,0.01850920170545578
1217,7307,0.019112490117549896,
1218,7313,,0.06827056407928467
1218,7313,0.013498058542609215,
1219,7319,,0.05355880782008171
1219,7319,0.014823941513895988,
1220,7325,,0.05710074305534363
1220,7325,0.014152329415082932,
1221,7331,,0.03466814011335373
1221,7331,0.016636665910482407,
1222,7337,,0.0293608158826828
1222,7337,0.017558902502059937,
1223,7343,,0.058833636343479156
1223,7343,0.017616255208849907,
1224,7349,,0.06292878836393356
1224,7349,0.01672765053808689,
1225,7355,,0.050195805728435516
1225,7355,0.015023401007056236,
1226,7361,,0.09434830397367477
1226,7361,0.016508271917700768,
1227,7367,,0.01820012927055359
1227,7367,0.015954220667481422,
1228,7373,,0.07879529148340225
1228,7373,0.022200841456651688,
1229,7379,,0.05160793662071228
1229,7379,0.018413908779621124,
1230,7385,,0.03900802507996559
1230,7385,0.013665350154042244,
1231,7391,,0.08889365196228027
1231,7391,0.016668006777763367,
1232,7397,,0.029107654467225075
1232,7397,0.017834994941949844,
1233,7403,,0.05313779041171074
1233,7403,0.017532924190163612,
1234,7409,,0.05257152393460274
1234,7409,0.014480693265795708,
1235,7415,,0.05600253865122795
1235,7415,0.01526385173201561,
1236,7421,,0.06658072024583817
1236,7421,0.016709839925169945,
1237,7427,,0.048456139862537384
1237,7427,0.01725158654153347,
1238,7433,,0.03753601387143135
1238,7433,0.016477851197123528,
1239,7439,,0.06480952352285385
1239,7439,0.01874539628624916,
1240,7445,,0.07364176958799362
1240,7445,0.013142799958586693,
1241,7451,,0.04707517474889755
1241,7451,0.016647305339574814,
1242,7457,,0.04919705539941788
1242,7457,0.014642024412751198,
1243,7463,,0.06000553444027901
1243,7463,0.014750581234693527,
1244,7469,,0.049847282469272614
1244,7469,0.012300864793360233,
1245,7475,,0.06153541058301926
1245,7475,0.016690604388713837,
1246,7481,,0.02789568342268467
1246,7481,0.016487443819642067,
1247,7487,,0.09296854585409164
1247,7487,0.01890857145190239,
1248,7493,,0.05795947462320328
1248,7493,0.016364015638828278,
1249,7499,,0.05721093341708183
1249,7499,0.01611371524631977,
1250,7505,,0.04353402927517891
1250,7505,0.015406963415443897,
1251,7511,,0.08509895950555801
1251,7511,0.010935216210782528,
1252,7517,,0.04596478119492531
1252,7517,0.020121268928050995,
1253,7523,,0.04149971902370453
1253,7523,0.013833191245794296,
1254,7529,,0.07827775925397873
1254,7529,0.018146876245737076,
1255,7535,,0.028896132484078407
1255,7535,0.01820230297744274,
1256,7541,,0.09753932058811188
1256,7541,0.02573600597679615,
1257,7547,,0.042758505791425705
1257,7547,0.01897226646542549,
1258,7553,,0.03960833698511124
1258,7553,0.013658224605023861,
1259,7559,,0.07340819388628006
1259,7559,0.01721598394215107,
1260,7565,,0.04490535333752632
1260,7565,0.013020437210798264,
1261,7571,,0.03500574827194214
1261,7571,0.019611002877354622,
1262,7577,,0.14288990199565887
1262,7577,0.02275281399488449,
1263,7583,,0.05991021916270256
1263,7583,0.03696068376302719,
1264,7589,,0.029198531061410904
1264,7589,0.019760683178901672,
1265,7595,,0.0784086063504219
1265,7595,0.014920989982783794,
1266,7601,,0.08756798505783081
1266,7601,0.01931801065802574,
1267,7607,,0.026138966903090477
1267,7607,0.016583837568759918,
1268,7613,,0.056884974241256714
1268,7613,0.023647859692573547,
1269,7619,,0.06687291711568832
1269,7619,0.01773570291697979,
1270,7625,,0.04043515771627426
1270,7625,0.014401247724890709,
1271,7631,,0.08282255381345749
1271,7631,0.01448004599660635,
1272,7637,,0.025920534506440163
1272,7637,0.015714295208454132,
1273,7643,,0.07082700729370117
1273,7643,0.015194948762655258,
1274,7649,,0.06966591626405716
1274,7649,0.016743194311857224,
1275,7655,,0.044684410095214844
1275,7655,0.014398575760424137,
1276,7661,,0.04819534346461296
1276,7661,0.017509862780570984,
1277,7667,,0.07319792360067368
1277,7667,0.015793748199939728,
1278,7673,,0.06534751504659653
1278,7673,0.01900641992688179,
1279,7679,,0.04477670416235924
1279,7679,0.017284464091062546,
1280,7685,,0.039662618190050125
1280,7685,0.018111146986484528,
1281,7691,,0.05241755396127701
1281,7691,0.013084769248962402,
1282,7697,,0.0313517227768898
1282,7697,0.013067478314042091,
1283,7703,,0.06644690781831741
1283,7703,0.020353231579065323,
1284,7709,,0.06899793446063995
1284,7709,0.01608075201511383,
1285,7715,,0.030162815004587173
1285,7715,0.013124235905706882,
1286,7721,,0.08270405232906342
1286,7721,0.01456638053059578,
1287,7727,,0.05537939816713333
1287,7727,0.018960323184728622,
1288,7733,,0.03652855008840561
1288,7733,0.01818712055683136,
1289,7739,,0.05953068658709526
1289,7739,0.01366784144192934,
1290,7745,,0.044593263417482376
1290,7745,0.01650674268603325,
1291,7751,,0.03243899345397949
1291,7751,0.012256263755261898,
1292,7757,,0.06384021788835526
1292,7757,0.013213922269642353,
1293,7763,,0.05300288274884224
1293,7763,0.013366998173296452,
1294,7769,,0.06495099514722824
1294,7769,0.01298180129379034,
1295,7775,,0.06004781275987625
1295,7775,0.0154778016731143,
1296,7781,,0.04547920823097229
1296,7781,0.016814155504107475,
1297,7787,,0.06607899069786072
1297,7787,0.010236889123916626,
1298,7793,,0.06024055555462837
1298,7793,0.016647303476929665,
1299,7799,,0.05332435294985771
1299,7799,0.015350391156971455,
1300,7805,,0.045773353427648544
1300,7805,0.010471897199749947,
1301,7811,,0.072662852704525
1301,7811,0.01482602208852768,
1302,7817,,0.030858661979436874
1302,7817,0.017030172049999237,
1303,7823,,0.06783532351255417
1303,7823,0.017080415040254593,
1304,7829,,0.06080697849392891
1304,7829,0.015986014157533646,
1305,7835,,0.04193054139614105
1305,7835,0.01389897707849741,
1306,7841,,0.07845945656299591
1306,7841,0.01353541575372219,
1307,7847,,0.03911663591861725
1307,7847,0.016514554619789124,
1308,7853,,0.08152594417333603
1308,7853,0.01911127008497715,
1309,7859,,0.04589128866791725
1309,7859,0.013274221681058407,
1310,7865,,0.05268755555152893
1310,7865,0.012001517228782177,
1311,7871,,0.041824113577604294
1311,7871,0.012982204556465149,
1312,7877,,0.0680675208568573
1312,7877,0.01612171344459057,
1313,7883,,0.056294627487659454
1313,7883,0.01421059388667345,
1314,7889,,0.04196229204535484
1314,7889,0.013117809779942036,
1315,7895,,0.07026711106300354
1315,7895,0.013855667784810066,
1316,7901,,0.0514894537627697
1316,7901,0.013084587641060352,
1317,7907,,0.0398818664252758
1317,7907,0.015487924218177795,
1318,7913,,0.04823855310678482
1318,7913,0.017435073852539062,
1319,7919,,0.05441669747233391
1319,7919,0.013789450749754906,
1320,7925,,0.04786713421344757
1320,7925,0.013872837647795677,
1321,7931,,0.04969613999128342
1321,7931,0.015219549648463726,
1322,7937,,0.06197082996368408
1322,7937,0.013588777743279934,
1323,7943,,0.03467388451099396
1323,7943,0.013363506644964218,
1324,7949,,0.03273412957787514
1324,7949,0.011541012674570084,
1325,7955,,0.10252052545547485
1325,7955,0.018771549686789513,
1326,7961,,0.04772770032286644
1326,7961,0.019949868321418762,
1327,7967,,0.043788809329271317
1327,7967,0.01831268146634102,
1328,7973,,0.07377402484416962
1328,7973,0.01438837219029665,
1329,7979,,0.034713953733444214
1329,7979,0.015879297628998756,
1330,7985,,0.03142593428492546
1330,7985,0.01940019428730011,
1331,7991,,0.08616603165864944
1331,7991,0.01828199252486229,
1332,7997,,0.04931703954935074
1332,7997,0.02198292501270771,
1333,8003,,0.048673465847969055
1333,8003,0.014057529158890247,
1334,8009,,0.06467658281326294
1334,8009,0.01655123569071293,
1335,8015,,0.030192261561751366
1335,8015,0.017756499350070953,
1336,8021,,0.043745025992393494
1336,8021,0.014977123588323593,
1337,8027,,0.0667046532034874
1337,8027,0.019954800605773926,
1338,8033,,0.07300247997045517
1338,8033,0.021226147189736366,
1339,8039,,0.0228432547301054
1339,8039,0.012742912396788597,
1340,8045,,0.05511486530303955
1340,8045,0.015893718227744102,
1341,8051,,0.05641751363873482
1341,8051,0.01627851091325283,
1342,8057,,0.054886139929294586
1342,8057,0.012553710490465164,
1343,8063,,0.06437576562166214
1343,8063,0.01605854742228985,
1344,8069,,0.06002507731318474
1344,8069,0.014136013574898243,
1345,8075,,0.02913716435432434
1345,8075,0.013256418518722057,
1346,8081,,0.05908260866999626
1346,8081,0.01819722354412079,
1347,8087,,0.08368168771266937
1347,8087,0.01802055723965168,
1348,8093,,0.026705270633101463
1348,8093,0.013758285902440548,
1349,8099,,0.060053758323192596
1349,8099,0.017937874421477318,
1350,8105,,0.056695353239774704
1350,8105,0.01380880642682314,
1351,8111,,0.03749778866767883
1351,8111,0.012929567135870457,
1352,8117,,0.049237534403800964
1352,8117,0.019117088988423347,
1353,8123,,0.06059444695711136
1353,8123,0.02211754396557808,
1354,8129,,0.09024954587221146
1354,8129,0.015352858230471611,
1355,8135,,0.05645301192998886
1355,8135,0.019709739834070206,
1356,8141,,0.039686739444732666
1356,8141,0.017657727003097534,
1357,8147,,0.059611428529024124
1357,8147,0.016964659094810486,
1358,8153,,0.10562612116336823
1358,8153,0.01900450699031353,
1359,8159,,0.07064563035964966
1359,8159,0.022802360355854034,
1360,8165,,0.0652405396103859
1360,8165,0.015862906351685524,
1361,8171,,0.04528233781456947
1361,8171,0.016606783494353294,
1362,8177,,0.06419201195240021
1362,8177,0.01506824605166912,
1363,8183,,0.06907165050506592
1363,8183,0.014162085950374603,
1364,8189,,0.027250969782471657
1364,8189,0.016042500734329224,
1365,8195,,0.08180124312639236
1365,8195,0.01878409832715988,
1366,8201,,0.044523268938064575
1366,8201,0.018526626750826836,
1367,8207,,0.05260024219751358
1367,8207,0.0170290470123291,
1368,8213,,0.07989001274108887
1368,8213,0.017468884587287903,
1369,8219,,0.03324367478489876
1369,8219,0.013656147755682468,
1370,8225,,0.051405955106019974
1370,8225,0.013753077946603298,
1371,8231,,0.06309722363948822
1371,8231,0.017184538766741753,
1372,8237,,0.04323736950755119
1372,8237,0.014566873200237751,
1373,8243,,0.0435759536921978
1373,8243,0.01530141569674015,
1374,8249,,0.04777076467871666
1374,8249,0.016282152384519577,
1375,8255,,0.06466010957956314
1375,8255,0.015510207042098045,
1376,8261,,0.10448624193668365
1376,8261,0.01570942997932434,
1377,8267,,0.030721131712198257
1377,8267,0.018852176144719124,
1378,8273,,0.08201321214437485
1378,8273,0.01711736060678959,
1379,8279,,0.047365978360176086
1379,8279,0.01832057721912861,
1380,8285,,0.035332150757312775
1380,8285,0.019303102046251297,
1381,8291,,0.06334415078163147
1381,8291,0.017946379259228706,
1382,8297,,0.052290864288806915
1382,8297,0.014217929914593697,
1383,8303,,0.046591151505708694
1383,8303,0.014042961411178112,
1384,8309,,0.05808309465646744
1384,8309,0.014669154770672321,
1385,8315,,0.048999495804309845
1385,8315,0.012085975147783756,
1386,8321,,0.06343574821949005
1386,8321,0.014846456237137318,
1387,8327,,0.03960496932268143
1387,8327,0.01168123260140419,
1388,8333,,0.0738479346036911
1388,8333,0.014343718998134136,
1389,8339,,0.03641015663743019
1389,8339,0.014127765782177448,
1390,8345,,0.06396656483411789
1390,8345,0.020930590108036995,
1391,8351,,0.05763429403305054
1391,8351,0.012383799068629742,
1392,8357,,0.044783931225538254
1392,8357,0.016280516982078552,
1393,8363,,0.07148633897304535
1393,8363,0.01420923974364996,
1394,8369,,0.019980501383543015
1394,8369,0.01752769947052002,
1395,8375,,0.07899327576160431
1395,8375,0.014458338730037212,
1396,8381,,0.04256825149059296
1396,8381,0.014651703648269176,
1397,8387,,0.05092262104153633
1397,8387,0.015453832224011421,
1398,8393,,0.0447518415749073
1398,8393,0.018481247127056122,
1399,8399,,0.0515037402510643
1399,8399,0.014324111863970757,
1400,8405,,0.03447173163294792
1400,8405,0.013622830621898174,
1401,8411,,0.08493220061063766
1401,8411,0.01847323589026928,
1402,8417,,0.039515379816293716
1402,8417,0.015979252755641937,
1403,8423,,0.09132054448127747
1403,8423,0.013123856857419014,
1404,8429,,0.044117625802755356
1404,8429,0.014819236472249031,
1405,8435,,0.04589378461241722
1405,8435,0.015234814956784248,
1406,8441,,0.03895086422562599
1406,8441,0.017230186611413956,
1407,8447,,0.09374681860208511
1407,8447,0.015756962820887566,
1408,8453,,0.056021351367235184
1408,8453,0.015433103777468204,
1409,8459,,0.043538834899663925
1409,8459,0.011812102980911732,
1410,8465,,0.05964963883161545
1410,8465,0.01384848915040493,
1411,8471,,0.05682193115353584
1411,8471,0.015043741092085838,
1412,8477,,0.017899183556437492
1412,8477,0.01494942232966423,
1413,8483,,0.09118621051311493
1413,8483,0.021637745201587677,
1414,8489,,0.08734744787216187
1414,8489,0.019020210951566696,
1415,8495,,0.03553600236773491
1415,8495,0.02201259322464466,
1416,8501,,0.029378768056631088
1416,8501,0.013690108433365822,
1417,8507,,0.09057742357254028
1417,8507,0.017781414091587067,
1418,8513,,0.033307433128356934
1418,8513,0.015840349718928337,
1419,8519,,0.048029959201812744
1419,8519,0.014363555237650871,
1420,8525,,0.07158390432596207
1420,8525,0.013935117051005363,
1421,8531,,0.03829826042056084
1421,8531,0.012024641036987305,
1422,8537,,0.07549518346786499
1422,8537,0.016749856993556023,
1423,8543,,0.040706805884838104
1423,8543,0.014047233387827873,
1424,8549,,0.06465298682451248
1424,8549,0.01559398602694273,
1425,8555,,0.05841389298439026
1425,8555,0.018605196848511696,
1426,8561,,0.07339069992303848
1426,8561,0.0172751285135746,
1427,8567,,0.034273505210876465
1427,8567,0.012739642523229122,
1428,8573,,0.03586919978260994
1428,8573,0.017742447555065155,
1429,8579,,0.07915608584880829
1429,8579,0.017265884205698967,
1430,8585,,0.03916945308446884
1430,8585,0.01626230776309967,
1431,8591,,0.057203374803066254
1431,8591,0.017569540068507195,
1432,8597,,0.06702925264835358
1432,8597,0.014117718674242496,
1433,8603,,0.04677489399909973
1433,8603,0.015191667713224888,
1434,8609,,0.05326639860868454
1434,8609,0.013965226709842682,
1435,8615,,0.08194348961114883
1435,8615,0.01386372558772564,
1436,8621,,0.030854810029268265
1436,8621,0.023695411160588264,
1437,8627,,0.05678609013557434
1437,8627,0.01611282490193844,
1438,8633,,0.06614101678133011
1438,8633,0.012074875645339489,
1439,8639,,0.034211669117212296
1439,8639,0.01476243045181036,
1440,8645,,0.06293243914842606
1440,8645,0.011131037957966328,
1441,8651,,0.03239040449261665
1441,8651,0.014202604070305824,
1442,8657,,0.09372882544994354
1442,8657,0.018526434898376465,
1443,8663,,0.04592203348875046
1443,8663,0.022375507280230522,
1444,8669,,0.049478862434625626
1444,8669,0.017409291118383408,
1445,8675,,0.06939414888620377
1445,8675,0.013854493387043476,
1446,8681,,0.04000847786664963
1446,8681,0.01460753008723259,
1447,8687,,0.0418330542743206
1447,8687,0.014645366929471493,
1448,8693,,0.06829563528299332
1448,8693,0.016125530004501343,
1449,8699,,0.05143536254763603
1449,8699,0.013793357647955418,
1450,8705,,0.04806404188275337
1450,8705,0.01668415777385235,
1451,8711,,0.03568310663104057
1451,8711,0.015564612112939358,
1452,8717,,0.0751928761601448
1452,8717,0.013464878313243389,
1453,8723,,0.04431162029504776
1453,8723,0.014166505075991154,
1454,8729,,0.05788635462522507
1454,8729,0.015002435073256493,
1455,8735,,0.07276807725429535
1455,8735,0.013055915012955666,
1456,8741,,0.056338030844926834
1456,8741,0.013696437701582909,
1457,8747,,0.038631781935691833
1457,8747,0.013607237488031387,
1458,8753,,0.09694837778806686
1458,8753,0.017438748851418495,
1459,8759,,0.03830305486917496
1459,8759,0.018998470157384872,
1460,8765,,0.06365418434143066
1460,8765,0.017227722331881523,
1461,8771,,0.06504572182893753
1461,8771,0.014938066713511944,
1462,8777,,0.023761607706546783
1462,8777,0.01320608053356409,
1463,8783,,0.05935943126678467
1463,8783,0.016146600246429443,
1464,8789,,0.04968687519431114
1464,8789,0.015988456085324287,
1465,8795,,0.06389221549034119
1465,8795,0.012597563676536083,
1466,8801,,0.06419962644577026
1466,8801,0.01674250140786171,
1467,8807,,0.0379294790327549
1467,8807,0.014480304904282093,
1468,8813,,0.07946842908859253
1468,8813,0.014019188471138477,
1469,8819,,0.02326369285583496
1469,8819,0.014324790798127651,
1470,8825,,0.06242987513542175
1470,8825,0.016073979437351227,
1471,8831,,0.05699661374092102
1471,8831,0.015445251949131489,
1472,8837,,0.04597517102956772
1472,8837,0.011850808747112751,
1473,8843,,0.0526447668671608
1473,8843,0.015031096525490284,
1474,8849,,0.03602813556790352
1474,8849,0.014448991976678371,
1475,8855,,0.05474073439836502
1475,8855,0.015550327487289906,
1476,8861,,0.06773500889539719
1476,8861,0.01406992319971323,
1477,8867,,0.0399814173579216
1477,8867,0.0114214476197958,
1478,8873,,0.04681938886642456
1478,8873,0.012502946890890598,
1479,8879,,0.03613179177045822
1479,8879,0.013393511064350605,
1480,8885,,0.06261707842350006
1480,8885,0.01589420810341835,
1481,8891,,0.04178920388221741
1481,8891,0.015153910964727402,
1482,8897,,0.06658021360635757
1482,8897,0.010524771176278591,
1483,8903,,0.05428870767354965
1483,8903,0.014969640411436558,
1484,8909,,0.03617197275161743
1484,8909,0.013976982794702053,
1485,8915,,0.046891745179891586
1485,8915,0.017766335979104042,
1486,8921,,0.08085204660892487
1486,8921,0.019690891727805138,
1487,8927,,0.04499652236700058
1487,8927,0.016121748834848404,
1488,8933,,0.041960351169109344
1488,8933,0.013119366019964218,
1489,8939,,0.07402059435844421
1489,8939,0.016121098771691322,
1490,8945,,0.044853705912828445
1490,8945,0.01651911251246929,
1491,8951,,0.0507449135184288
1491,8951,0.01316002570092678,
1492,8957,,0.045221809297800064
1492,8957,0.011997466906905174,
1493,8963,,0.07415752857923508
1493,8963,0.011614646762609482,
1494,8969,,0.049590080976486206
1494,8969,0.013798033818602562,
1495,8975,,0.04869609326124191
1495,8975,0.012884537689387798,
1496,8981,,0.08227374404668808
1496,8981,0.013309425674378872,
1497,8987,,0.02375786006450653
1497,8987,0.014674419537186623,
1498,8993,,0.08943039178848267
1498,8993,0.018713422119617462,
1499,8999,,0.04325440898537636
1499,8999,0.013945814222097397,
1500,9005,,0.03173891827464104
1500,9005,0.017808135598897934,
1501,9011,,0.10629687458276749
1501,9011,0.01778782717883587,
1502,9017,,0.02115471474826336
1502,9017,0.016333919018507004,
1503,9023,,0.0764819085597992
1503,9023,0.016974208876490593,
1504,9029,,0.07040626555681229
1504,9029,0.018892837688326836,
1505,9035,,0.03646109253168106
1505,9035,0.014634549617767334,
1506,9041,,0.08653084188699722
1506,9041,0.017861593514680862,
1507,9047,,0.025702189654111862
1507,9047,0.013325495645403862,
1508,9053,,0.07921681553125381
1508,9053,0.02004058100283146,
1509,9059,,0.06800012290477753
1509,9059,0.014616348780691624,
1510,9065,,0.04659494385123253
1510,9065,0.014164579100906849,
1511,9071,,0.07224112004041672
1511,9071,0.016271846368908882,
1512,9077,,0.04712582379579544
1512,9077,0.013997209258377552,
1513,9083,,0.0589635856449604
1513,9083,0.01624220423400402,
1514,9089,,0.061191100627183914
1514,9089,0.014075564220547676,
1515,9095,,0.04408114403486252
1515,9095,0.01667322777211666,
1516,9101,,0.06597166508436203
1516,9101,0.010535135865211487,
1517,9107,,0.051867254078388214
1517,9107,0.01020229235291481,
1518,9113,,0.048534292727708817
1518,9113,0.010598711669445038,
1519,9119,,0.047337912023067474
1519,9119,0.01282562781125307,
1520,9125,,0.05515475943684578
1520,9125,0.013334549963474274,
1521,9131,,0.06856819242238998
1521,9131,0.012159723788499832,
1522,9137,,0.019360756501555443
1522,9137,0.015809955075383186,
1523,9143,,0.05261298269033432
1523,9143,0.016912318766117096,
1524,9149,,0.056923024356365204
1524,9149,0.021546902135014534,
1525,9155,,0.05265624076128006
1525,9155,0.014319751411676407,
1526,9161,,0.07518075406551361
1526,9161,0.013754358515143394,
1527,9167,,0.03997879475355148
1527,9167,0.01544073037803173,
1528,9173,,0.05704246833920479
1528,9173,0.014131627976894379,
1529,9179,,0.06506650894880295
1529,9179,0.011635400354862213,
1530,9185,,0.06680604070425034
1530,9185,0.01614840142428875,
1531,9191,,0.05640742927789688
1531,9191,0.010731956921517849,
1532,9197,,0.03493354469537735
1532,9197,0.019289985299110413,
1533,9203,,0.07705460488796234
1533,9203,0.014758380129933357,
1534,9209,,0.052714068442583084
1534,9209,0.015765881165862083,
1535,9215,,0.05816665291786194
1535,9215,0.018247634172439575,
1536,9221,,0.06460675597190857
1536,9221,0.017334721982479095,
1537,9227,,0.026143664494156837
1537,9227,0.01494621206074953,
1538,9233,,0.06940515339374542
1538,9233,0.01710423082113266,
1539,9239,,0.045891985297203064
1539,9239,0.01367373950779438,
1540,9245,,0.03882327303290367
1540,9245,0.0135932182893157,
1541,9251,,0.05960366129875183
1541,9251,0.012913406826555729,
1542,9257,,0.05758362263441086
1542,9257,0.01467779092490673,
1543,9263,,0.047125235199928284
1543,9263,0.015625029802322388,
1544,9269,,0.08080734312534332
1544,9269,0.01577886752784252,
1545,9275,,0.06256751716136932
1545,9275,0.019869353622198105,
1546,9281,,0.030019724741578102
1546,9281,0.014936077408492565,
1547,9287,,0.04993578419089317
1547,9287,0.011724736541509628,
1548,9293,,0.05480290204286575
1548,9293,0.014991524629294872,
1549,9299,,0.06840257346630096
1549,9299,0.012171011418104172,
1550,9305,,0.04041352495551109
1550,9305,0.014894080348312855,
1551,9311,,0.04100826755166054
1551,9311,0.012139661237597466,
1552,9317,,0.05615589767694473
1552,9317,0.015305211767554283,
1553,9323,,0.049071408808231354
1553,9323,0.015056399628520012,
1554,9329,,0.06652712821960449
1554,9329,0.013363810256123543,
1555,9335,,0.035067204385995865
1555,9335,0.012462020851671696,
1556,9341,,0.08969966322183609
1556,9341,0.015073223039507866,
1557,9347,,0.03972649574279785
1557,9347,0.016783621162176132,
1558,9353,,0.03719687834382057
1558,9353,0.013833815231919289,
1559,9359,,0.07541262358427048
1559,9359,0.014210866764187813,
1560,9365,,0.04720860347151756
1560,9365,0.013943228870630264,
1561,9371,,0.052953947335481644
1561,9371,0.01553752925246954,
1562,9377,,0.08861791342496872
1562,9377,0.013713178224861622,
1563,9383,,0.03013441525399685
1563,9383,0.02227027341723442,
1564,9389,,0.0420481413602829
1564,9389,0.01381697691977024,
1565,9395,,0.07184118777513504
1565,9395,0.010970602743327618,
1566,9401,,0.027940019965171814
1566,9401,0.017258750274777412,
1567,9407,,0.06839519739151001
1567,9407,0.012016532011330128,
1568,9413,,0.051972221583127975
1568,9413,0.016531944274902344,
1569,9419,,0.026461923494935036
1569,9419,0.018954608589410782,
1570,9425,,0.05712761729955673
1570,9425,0.016784057021141052,
1571,9431,,0.04395406320691109
1571,9431,0.016489775851368904,
1572,9437,,0.03384993597865105
1572,9437,0.020641133189201355,
1573,9443,,0.0661713033914566
1573,9443,0.017720462754368782,
1574,9449,,0.056808121502399445
1574,9449,0.015016053803265095,
1575,9455,,0.07633141428232193
1575,9455,0.014289804734289646,
1576,9461,,0.055463243275880814
1576,9461,0.016086800023913383,
1577,9467,,0.038624510169029236
1577,9467,0.01246046181768179,
1578,9473,,0.0709758773446083
1578,9473,0.01536211185157299,
1579,9479,,0.062332041561603546
1579,9479,0.014719320461153984,
1580,9485,,0.045605309307575226
1580,9485,0.016247104853391647,
1581,9491,,0.04886762052774429
1581,9491,0.013905789703130722,
1582,9497,,0.07256774604320526
1582,9497,0.013717170804738998,
1583,9503,,0.04437132924795151
1583,9503,0.012176815420389175,
1584,9509,,0.07050073146820068
1584,9509,0.015164817683398724,
1585,9515,,0.036554139107465744
1585,9515,0.016484089195728302,
1586,9521,,0.042991891503334045
1586,9521,0.013350467197597027,
1587,9527,,0.0837954431772232
1587,9527,0.014016803354024887,
1588,9533,,0.031034652143716812
1588,9533,0.016611900180578232,
1589,9539,,0.07014559954404831
1589,9539,0.011714407242834568,
1590,9545,,0.05999939888715744
1590,9545,0.013553260825574398,
1591,9551,,0.045374054461717606
1591,9551,0.013821134343743324,
1592,9557,,0.03687366098165512
1592,9557,0.010101028718054295,
1593,9563,,0.0797349214553833
1593,9563,0.018393633887171745,
1594,9569,,0.06603216379880905
1594,9569,0.014187116175889969,
1595,9575,,0.05381301790475845
1595,9575,0.013685688376426697,
1596,9581,,0.04517083242535591
1596,9581,0.017884613946080208,
1597,9587,,0.07314389944076538
1597,9587,0.016060449182987213,
1598,9593,,0.049427330493927
1598,9593,0.010373270139098167,
1599,9599,,0.05259614437818527
1599,9599,0.009550233371555805,
1600,9605,,0.04557715728878975
1600,9605,0.012725506909191608,
1601,9611,,0.06858614087104797
1601,9611,0.012139825150370598,
1602,9617,,0.026201555505394936
1602,9617,0.012204946018755436,
1603,9623,,0.04848437383770943
1603,9623,0.01383090578019619,
1604,9629,,0.06485674530267715
1604,9629,0.012958552688360214,
1605,9635,,0.052695441991090775
1605,9635,0.016774412244558334,
1606,9641,,0.04453310742974281
1606,9641,0.012853252701461315,
1607,9647,,0.0628056675195694
1607,9647,0.014021005481481552,
1608,9653,,0.04746415093541145
1608,9653,0.016160141676664352,
1609,9659,,0.05852755159139633
1609,9659,0.018174197524785995,
1610,9665,,0.04617418721318245
1610,9665,0.014120763167738914,
1611,9671,,0.07037387043237686
1611,9671,0.015667395666241646,
1612,9677,,0.04529760032892227
1612,9677,0.016638632863759995,
1613,9683,,0.0516635999083519
1613,9683,0.021453624591231346,
1614,9689,,0.10421619564294815
1614,9689,0.017641162499785423,
1615,9695,,0.029258256778120995
1615,9695,0.02208874002099037,
1616,9701,,0.028263768181204796
1616,9701,0.020918618887662888,
1617,9707,,0.05694656819105148
1617,9707,0.019110795110464096,
1618,9713,,0.0451364703476429
1618,9713,0.01828455552458763,
1619,9719,,0.036401115357875824
1619,9719,0.012375326827168465,
1620,9725,,0.05707714706659317
1620,9725,0.013125422410666943,
1621,9731,,0.052742116153240204
1621,9731,0.012300565838813782,
1622,9737,,0.023397698998451233
1622,9737,0.014668985269963741,
1623,9743,,0.08772433549165726
1623,9743,0.01853402517735958,
1624,9749,,0.04461871087551117
1624,9749,0.017285164445638657,
1625,9755,,0.03529586270451546
1625,9755,0.013885966502130032,
1626,9761,,0.08728411793708801
1626,9761,0.012638295069336891,
1627,9767,,0.03474511578679085
1627,9767,0.01780707761645317,
1628,9773,,0.05436790734529495
1628,9773,0.013681772165000439,
1629,9779,,0.04323337972164154
1629,9779,0.011775811202824116,
1630,9785,,0.06778628379106522
1630,9785,0.010883857496082783,
1631,9791,,0.06071169301867485
1631,9791,0.018498321995139122,
1632,9797,,0.052507005631923676
1632,9797,0.012554466724395752,
1633,9803,,0.05218411609530449
1633,9803,0.01322123222053051,
1634,9809,,0.03516364097595215
1634,9809,0.011305630207061768,
1635,9815,,0.04422932118177414
1635,9815,0.012901296839118004,
1636,9821,,0.06803438067436218
1636,9821,0.014256320893764496,
1637,9827,,0.048295263200998306
1637,9827,0.014124074019491673,
1638,9833,,0.03359978273510933
1638,9833,0.01441133301705122,
1639,9839,,0.0922965556383133
1639,9839,0.018670033663511276,
1640,9845,,0.060183845460414886
1640,9845,0.02024742029607296,
1641,9851,,0.04859713092446327
1641,9851,0.014750305563211441,
1642,9857,,0.047535043209791183
1642,9857,0.01727299764752388,
1643,9863,,0.05158385634422302
1643,9863,0.013620885089039803,
1644,9869,,0.046028491109609604
1644,9869,0.009787376038730145,
1645,9875,,0.050070665776729584
1645,9875,0.015297068282961845,
1646,9881,,0.09380267560482025
1646,9881,0.015435393899679184,
1647,9887,,0.04265160113573074
1647,9887,0.01678171567618847,
1648,9893,,0.05696335434913635
1648,9893,0.01238122396171093,
1649,9899,,0.038252465426921844
1649,9899,0.012604248709976673,
1650,9905,,0.0746055617928505
1650,9905,0.012722219340503216,
1651,9911,,0.06011154502630234
1651,9911,0.014610032550990582,
1652,9917,,0.04715604707598686
1652,9917,0.015615594573318958,
1653,9923,,0.050933487713336945
1653,9923,0.01071513257920742,
1654,9929,,0.060705266892910004
1654,9929,0.015024440363049507,
1655,9935,,0.07729161530733109
1655,9935,0.018088191747665405,
1656,9941,,0.03592332825064659
1656,9941,0.015213603153824806,
1657,9947,,0.036009423434734344
1657,9947,0.010707885958254337,
1658,9953,,0.05008901283144951
1658,9953,0.01364212017506361,
1659,9959,,0.04492347314953804
1659,9959,0.013067913241684437,
1660,9965,,0.05190599709749222
1660,9965,0.014980826526880264,
1661,9971,,0.033501043915748596
1661,9971,0.016295678913593292,
1662,9977,,0.05376332253217697
1662,9977,0.01472775824368,
1663,9983,,0.05755898356437683
1663,9983,0.014612467028200626,
1664,9989,,0.051004208624362946
1664,9989,0.012569533661007881,
1665,9995,,0.03327567130327225
1665,9995,0.01479305513203144,
1666,10001,,0.05126313120126724
1666,10001,0.01134414505213499,
1667,10007,,0.04531824588775635
1667,10007,0.013866400346159935,
1668,10013,,0.04288281872868538
1668,10013,0.01277909241616726,
1669,10019,,0.06298043578863144
1669,10019,0.013451327569782734,
1670,10025,,0.05947292968630791
1670,10025,0.01660206727683544,
1671,10031,,0.03401194140315056
1671,10031,0.01117002684623003,
1672,10037,,0.06483501195907593
1672,10037,0.01467445120215416,
1673,10043,,0.041384607553482056
1673,10043,0.017828624695539474,
1674,10049,,0.0775759369134903
1674,10049,0.013487988151609898,
1675,10055,,0.055638231337070465
1675,10055,0.014272818341851234,
1676,10061,,0.06144866347312927
1676,10061,0.012539622373878956,
1677,10067,,0.03490183874964714
1677,10067,0.014410433359444141,
1678,10073,,0.07026362419128418
1678,10073,0.018728820607066154,
1679,10079,,0.06531338393688202
1679,10079,0.02058502472937107,
1680,10085,,0.032905615866184235
1680,10085,0.01369392778724432,
1681,10091,,0.09662681818008423
1681,10091,0.014308524318039417,
1682,10097,,0.06247894838452339
1682,10097,0.020433645695447922,
1683,10103,,0.026461193338036537
1683,10103,0.015587769448757172,
1684,10109,,0.09507285058498383
1684,10109,0.018144654110074043,
1685,10115,,0.04106677323579788
1685,10115,0.017918778583407402,
1686,10121,,0.042261771857738495
1686,10121,0.009959578514099121,
1687,10127,,0.049817100167274475
1687,10127,0.014431247487664223,
1688,10133,,0.0661172941327095
1688,10133,0.012984240427613258,
1689,10139,,0.05958492308855057
1689,10139,0.01169974822551012,
1690,10145,,0.0668943002820015
1690,10145,0.014024166390299797,
1691,10151,,0.039590734988451004
1691,10151,0.018080757930874825,
1692,10157,,0.05017048865556717
1692,10157,0.015025981701910496,
1693,10163,,0.050720758736133575
1693,10163,0.017537085339426994,
1694,10169,,0.09860419481992722
1694,10169,0.013422616757452488,
1695,10175,,0.047517940402030945
1695,10175,0.017375819385051727,
1696,10181,,0.03896678239107132
1696,10181,0.010348334908485413,
1697,10187,,0.08400031179189682
1697,10187,0.010734683834016323,
1698,10193,,0.04246241971850395
1698,10193,0.01927141472697258,
1699,10199,,0.027463668957352638
1699,10199,0.015282506123185158,
1700,10205,,0.04732048138976097
1700,10205,0.015461569651961327,
1701,10211,,0.05596740171313286
1701,10211,0.013343792408704758,
1702,10217,,0.05405787378549576
1702,10217,0.011064214631915092,
1703,10223,,0.04854654520750046
1703,10223,0.012566779740154743,
1704,10229,,0.04237578809261322
1704,10229,0.012911724857985973,
1705,10235,,0.05950644612312317
1705,10235,0.01204458437860012,
1706,10241,,0.04690853878855705
1706,10241,0.012752451002597809,
1707,10247,,0.030177835375070572
1707,10247,0.012312869541347027,
1708,10253,,0.07950692623853683
1708,10253,0.015712056308984756,
1709,10259,,0.03851977363228798
1709,10259,0.01435768511146307,
1710,10265,,0.04722467437386513
1710,10265,0.013419327326118946,
1711,10271,,0.07302527129650116
1711,10271,0.014676091261208057,
1712,10277,,0.04303558170795441
1712,10277,0.011076238937675953,
1713,10283,,0.06486298888921738
1713,10283,0.01596870645880699,
1714,10289,,0.02532995119690895
1714,10289,0.012364954687654972,
1715,10295,,0.048627473413944244
1715,10295,0.015058118849992752,
1716,10301,,0.10234202444553375
1716,10301,0.020279863849282265,
1717,10307,,0.03376011177897453
1717,10307,0.019143670797348022,
1718,10313,,0.058567605912685394
1718,10313,0.011516356840729713,
1719,10319,,0.0685928612947464
1719,10319,0.01516546681523323,
1720,10325,,0.030049661174416542
1720,10325,0.014447447843849659,
1721,10331,,0.08526837825775146
1721,10331,0.012728041969239712,
1722,10337,,0.04601215198636055
1722,10337,0.016298992559313774,
1723,10343,,0.045868754386901855
1723,10343,0.011920327320694923,
1724,10349,,0.07152998447418213
1724,10349,0.012128503061830997,
1725,10355,,0.034873973578214645
1725,10355,0.013705880381166935,
1726,10361,,0.038176946341991425
1726,10361,0.013225474394857883,
1727,10367,,0.07834843546152115
1727,10367,0.013648211024701595,
1728,10373,,0.05914998799562454
1728,10373,0.021308522671461105,
1729,10379,,0.018498294055461884
1729,10379,0.01359893474727869,
1730,10385,,0.07381180673837662
1730,10385,0.019772564992308617,
1731,10391,,0.06866108626127243
1731,10391,0.01807738095521927,
1732,10397,,0.03429015725851059
1732,10397,0.01668611168861389,
1733,10403,,0.07469363510608673
1733,10403,0.01584821753203869,
1734,10409,,0.050926052033901215
1734,10409,0.014490319415926933,
1735,10415,,0.03700829669833183
1735,10415,0.012935437262058258,
1736,10421,,0.07250001281499863
1736,10421,0.01937621459364891,
1737,10427,,0.04151036962866783
1737,10427,0.01592158153653145,
1738,10433,,0.05841229483485222
1738,10433,0.014210645109415054,
1739,10439,,0.06487832218408585
1739,10439,0.018228605389595032,
1740,10445,,0.0271415077149868
1740,10445,0.010941838845610619,
1741,10451,,0.06676420569419861
1741,10451,0.02051836997270584,
1742,10457,,0.062088362872600555
1742,10457,0.019822021946310997,
1743,10463,,0.05067618936300278
1743,10463,0.011594857089221478,
1744,10469,,0.06298328191041946
1744,10469,0.017562251538038254,
1745,10475,,0.06828997284173965
1745,10475,0.016668710857629776,
1746,10481,,0.03447263315320015
1746,10481,0.014454730786383152,
1747,10487,,0.03886338323354721
1747,10487,0.014733746647834778,
1748,10493,,0.06237589567899704
1748,10493,0.013657723553478718,
1749,10499,,0.03294333443045616
1749,10499,0.01464989222586155,
1750,10505,,0.06746979802846909
1750,10505,0.012514111585915089,
1751,10511,,0.065274678170681
1751,10511,0.014531943947076797,
1752,10517,,0.044452689588069916
1752,10517,0.016768770292401314,
1753,10523,,0.04856035113334656
1753,10523,0.014581356197595596,
1754,10529,,0.06396633386611938
1754,10529,0.01228964701294899,
1755,10535,,0.03597826883196831
1755,10535,0.016072003170847893,
1756,10541,,0.03374537080526352
1756,10541,0.01127217523753643,
1757,10547,,0.06834612041711807
1757,10547,0.014014974236488342,
1758,10553,,0.07231245189905167
1758,10553,0.017212707549333572,
1759,10559,,0.03500000014901161
1759,10559,0.014038647525012493,
1760,10565,,0.08791720122098923
1760,10565,0.016031716018915176,
1761,10571,,0.062301941215991974
1761,10571,0.01874631643295288,
1762,10577,,0.027746742591261864
1762,10577,0.017711255699396133,
1763,10583,,0.07875160872936249
1763,10583,0.01330516580492258,
1764,10589,,0.05206223577260971
1764,10589,0.015834586694836617,
1765,10595,,0.06119401007890701
1765,10595,0.01585492491722107,
1766,10601,,0.038908280432224274
1766,10601,0.010980742052197456,
1767,10607,,0.05805329233407974
1767,10607,0.014733925461769104,
1768,10613,,0.04110175743699074
1768,10613,0.012400759384036064,
1769,10619,,0.052657149732112885
1769,10619,0.014887185767292976,
1770,10625,,0.044086627662181854
1770,10625,0.012338384054601192,
1771,10631,,0.07430977374315262
1771,10631,0.01500686164945364,
1772,10637,,0.042516209185123444
1772,10637,0.012279318645596504,
1773,10643,,0.053800951689481735
1773,10643,0.012845744378864765,
1774,10649,,0.052926547825336456
1774,10649,0.013085560873150826,
1775,10655,,0.04413265734910965
1775,10655,0.013441772200167179,
1776,10661,,0.0911594107747078
1776,10661,0.012409389019012451,
1777,10667,,0.046487580984830856
1777,10667,0.017548246309161186,
1778,10673,,0.041398901492357254
1778,10673,0.011490685865283012,
1779,10679,,0.042265620082616806
1779,10679,0.013451313599944115,
1780,10685,,0.060131918638944626
1780,10685,0.012641754001379013,
1781,10691,,0.05586268752813339
1781,10691,0.012579823844134808,
1782,10697,,0.0465000681579113
1782,10697,0.01669158972799778,
1783,10703,,0.06832214444875717
1783,10703,0.014630078338086605,
1784,10709,,0.07311514019966125
1784,10709,0.014515317976474762,
1785,10715,,0.05737874656915665
1785,10715,0.015187705866992474,
1786,10721,,0.03940475359559059
1786,10721,0.013159519992768764,
1787,10727,,0.04860112816095352
1787,10727,0.014987249858677387,
1788,10733,,0.04035782068967819
1788,10733,0.014902382157742977,
1789,10739,,0.05992469936609268
1789,10739,0.010177909396588802,
1790,10745,,0.049012135714292526
1790,10745,0.014639238826930523,
1791,10751,,0.03760866820812225
1791,10751,0.01435940433293581,
1792,10757,,0.07535582035779953
1792,10757,0.014981210231781006,
1793,10763,,0.080536387860775
1793,10763,0.018209563568234444,
1794,10769,,0.034662339836359024
1794,10769,0.014643235132098198,
1795,10775,,0.06619608402252197
1795,10775,0.015814363956451416,
1796,10781,,0.05344675853848457
1796,10781,0.01280389353632927,
1797,10787,,0.06422103941440582
1797,10787,0.014863313175737858,
1798,10793,,0.036800555884838104
1798,10793,0.015936514362692833,
1799,10799,,0.06976615637540817
1799,10799,0.013295421376824379,
1800,10805,,0.05106581002473831
1800,10805,0.011232028715312481,
1801,10811,,0.04783549904823303
1801,10811,0.015569699928164482,
1802,10817,,0.06681309640407562
1802,10817,0.013908731751143932,
1803,10823,,0.03709123283624649
1803,10823,0.012323490343987942,
1804,10829,,0.08182495832443237
1804,10829,0.016804011538624763,
1805,10835,,0.04494069516658783
1805,10835,0.011063567362725735,
1806,10841,,0.04464130848646164
1806,10841,0.015949122607707977,
1807,10847,,0.03641499951481819
1807,10847,0.012946881353855133,
1808,10853,,0.056189995259046555
1808,10853,0.011592144146561623,
1809,10859,,0.05495362728834152
1809,10859,0.013677970506250858,
1810,10865,,0.05601934343576431
1810,10865,0.011040842160582542,
1811,10871,,0.050580453127622604
1811,10871,0.013373855501413345,
1812,10877,,0.05411149933934212
1812,10877,0.019500097259879112,
