epoch,step,train_reg_loss,val_reg_loss
0,5,,0.733402669429779
0,5,9.209010124206543,
1,11,,0.5366775393486023
1,11,0.30351874232292175,
2,17,,0.4282127022743225
2,17,0.9213319420814514,
3,23,,0.057799793779850006
3,23,0.508190929889679,
4,29,,0.13876962661743164
4,29,0.07566586881875992,
5,35,,0.30656448006629944
5,35,0.059006161987781525,
6,41,,0.2850584089756012
6,41,0.08171636611223221,
7,47,,0.17278319597244263
7,47,0.06772222369909286,
8,53,,0.09244312345981598
8,53,0.03445061668753624,
9,59,,0.06957060098648071
9,59,0.042630888521671295,
10,65,,0.07976531237363815
10,65,0.03513792157173157,
11,71,,0.10459878295660019
11,71,0.03514159843325615,
12,77,,0.12226108461618423
12,77,0.026103319600224495,
13,83,,0.12365172803401947
13,83,0.02980791963636875,
14,89,,0.11547301709651947
14,89,0.030081599950790405,
15,95,,0.10635776817798615
15,95,0.029326608404517174,
16,101,,0.10175436735153198
16,101,0.03559630736708641,
17,107,,0.09832239151000977
17,107,0.035554636269807816,
18,113,,0.09896886348724365
18,113,0.03187859058380127,
19,119,,0.10177192836999893
19,119,0.03194558247923851,
20,125,,0.10378144681453705
20,125,0.029626067727804184,
21,131,,0.10553006827831268
21,131,0.031411681324243546,
22,137,,0.10799417644739151
22,137,0.027985308319330215,
23,143,,0.09862847626209259
23,143,0.029716338962316513,
24,149,,0.09415946155786514
24,149,0.03011186048388481,
25,155,,0.09706467390060425
25,155,0.032407764345407486,
26,161,,0.10151539742946625
26,161,0.03252170979976654,
27,167,,0.1084933653473854
27,167,0.02968641184270382,
28,173,,0.1094343438744545
28,173,0.02950436994433403,
29,179,,0.10353942960500717
29,179,0.029544806107878685,
30,185,,0.09592083096504211
30,185,0.02478107623755932,
31,191,,0.09248323738574982
31,191,0.023467855527997017,
32,197,,0.09033568203449249
32,197,0.024497445672750473,
33,203,,0.09618362039327621
33,203,0.02641240507364273,
34,209,,0.10010646283626556
34,209,0.027380678802728653,
35,215,,0.10091628134250641
35,215,0.028076358139514923,
36,221,,0.09777595847845078
36,221,0.02781737968325615,
37,227,,0.10304637253284454
37,227,0.02258671447634697,
38,233,,0.10681142657995224
38,233,0.024315916001796722,
39,239,,0.09962702542543411
39,239,0.029030002653598785,
40,245,,0.08525851368904114
40,245,0.026096515357494354,
41,251,,0.09376688301563263
41,251,0.029021622613072395,
42,257,,0.09845539927482605
42,257,0.027815628796815872,
43,263,,0.09383189678192139
43,263,0.030234750360250473,
44,269,,0.09149589389562607
44,269,0.02821224555373192,
45,275,,0.08215854316949844
45,275,0.026670781895518303,
46,281,,0.0923209935426712
46,281,0.02312372252345085,
47,287,,0.10220880806446075
47,287,0.02755041979253292,
48,293,,0.10615595430135727
48,293,0.03169707581400871,
49,299,,0.09000937640666962
49,299,0.027485378086566925,
50,305,,0.07874749600887299
50,305,0.02601257897913456,
51,311,,0.09467299282550812
51,311,0.026026438921689987,
52,317,,0.10810551792383194
52,317,0.028147710487246513,
53,323,,0.0853632465004921
53,323,0.027743633836507797,
54,329,,0.08476244658231735
54,329,0.02742609940469265,
55,335,,0.10411175340414047
55,335,0.024042731150984764,
56,341,,0.10615475475788116
56,341,0.022217845544219017,
57,347,,0.09162241965532303
57,347,0.02658988907933235,
58,353,,0.0805492252111435
58,353,0.024554438889026642,
59,359,,0.08454137295484543
59,359,0.0261806882917881,
60,365,,0.10016226768493652
60,365,0.023574592545628548,
61,371,,0.09300856292247772
61,371,0.023581337183713913,
62,377,,0.08639618009328842
62,377,0.02490297704935074,
63,383,,0.0830124244093895
63,383,0.020332973450422287,
64,389,,0.09443996846675873
64,389,0.02714412286877632,
65,395,,0.09898769855499268
65,395,0.0219833143055439,
66,401,,0.07829071581363678
66,401,0.02456360124051571,
67,407,,0.0727672278881073
67,407,0.024182314053177834,
68,413,,0.08807146549224854
68,413,0.02313227392733097,
69,419,,0.09319509565830231
69,419,0.02427891083061695,
70,425,,0.09257364273071289
70,425,0.023451317101716995,
71,431,,0.0807824581861496
71,431,0.02210978791117668,
72,437,,0.081748366355896
72,437,0.025707311928272247,
73,443,,0.07817593961954117
73,443,0.02326091378927231,
74,449,,0.09053093194961548
74,449,0.022187400609254837,
75,455,,0.09570334851741791
75,455,0.01974221132695675,
76,461,,0.07908528298139572
76,461,0.02397214062511921,
77,467,,0.07325870543718338
77,467,0.02500855177640915,
78,473,,0.09862396866083145
78,473,0.02292024902999401,
79,479,,0.09459260106086731
79,479,0.02282112091779709,
80,485,,0.07034272700548172
80,485,0.01966795325279236,
81,491,,0.08983712643384933
81,491,0.024808377027511597,
82,497,,0.10101357847452164
82,497,0.023506730794906616,
83,503,,0.0825134664773941
83,503,0.022631539031863213,
84,509,,0.07636107504367828
84,509,0.021623820066452026,
85,515,,0.09156956523656845
85,515,0.019703401252627373,
86,521,,0.08375407010316849
86,521,0.020358406007289886,
87,527,,0.0826970636844635
87,527,0.021818827837705612,
88,533,,0.08730887621641159
88,533,0.022540612146258354,
89,539,,0.08966553956270218
89,539,0.020169852301478386,
90,545,,0.09431886672973633
90,545,0.020774133503437042,
91,551,,0.08773409575223923
91,551,0.024760428816080093,
92,557,,0.07828576117753983
92,557,0.02122327871620655,
93,563,,0.0847577154636383
93,563,0.020787911489605904,
94,569,,0.08457079529762268
94,569,0.020260468125343323,
95,575,,0.07981540262699127
95,575,0.023275017738342285,
96,581,,0.08400077372789383
96,581,0.020290298387408257,
97,587,,0.08603912591934204
97,587,0.020750900730490685,
98,593,,0.08653339743614197
98,593,0.021948756650090218,
99,599,,0.08709629625082016
99,599,0.018764544278383255,
100,605,,0.09569011628627777
100,605,0.020802486687898636,
101,611,,0.07793011516332626
101,611,0.02245355397462845,
102,617,,0.06792863458395004
102,617,0.02097262814640999,
103,623,,0.08095288276672363
103,623,0.022328896448016167,
104,629,,0.08499973267316818
104,629,0.020660417154431343,
105,635,,0.08521007001399994
105,635,0.02097337692975998,
106,641,,0.08242097496986389
106,641,0.017598873004317284,
107,647,,0.08105723559856415
107,647,0.016559718176722527,
108,653,,0.07604804635047913
108,653,0.017946608364582062,
109,659,,0.0724852979183197
109,659,0.020714569836854935,
110,665,,0.10295186191797256
110,665,0.020699501037597656,
111,671,,0.08236657828092575
111,671,0.022845907136797905,
112,677,,0.06754782050848007
112,677,0.02249644510447979,
113,683,,0.0962446853518486
113,683,0.021565556526184082,
114,689,,0.09377896040678024
114,689,0.019742853939533234,
115,695,,0.0747242197394371
115,695,0.01976708509027958,
116,701,,0.08467210829257965
116,701,0.02195229008793831,
117,707,,0.08541148900985718
117,707,0.022052401676774025,
118,713,,0.08527319878339767
118,713,0.018770426511764526,
119,719,,0.0871964693069458
119,719,0.018131859600543976,
120,725,,0.06856168806552887
120,725,0.01671477034687996,
121,731,,0.07164331525564194
121,731,0.01928003877401352,
122,737,,0.1024613231420517
122,737,0.020969731733202934,
123,743,,0.08265016973018646
123,743,0.018976882100105286,
124,749,,0.059539563953876495
124,749,0.01910308748483658,
125,755,,0.08837719261646271
125,755,0.019843997433781624,
126,761,,0.09722332656383514
126,761,0.018718896433711052,
127,767,,0.07406340539455414
127,767,0.019741009920835495,
128,773,,0.07690974324941635
128,773,0.021702516824007034,
129,779,,0.0903845876455307
129,779,0.01842655800282955,
130,785,,0.07561448216438293
130,785,0.0198354609310627,
131,791,,0.08146613091230392
131,791,0.020620856434106827,
132,797,,0.07357501983642578
132,797,0.017226923257112503,
133,803,,0.0735485702753067
133,803,0.017852334305644035,
134,809,,0.09367655962705612
134,809,0.018556484952569008,
135,815,,0.09281887859106064
135,815,0.021984484046697617,
136,821,,0.07324380427598953
136,821,0.022395405918359756,
137,827,,0.07292824983596802
137,827,0.021153142675757408,
138,833,,0.09063587337732315
138,833,0.020237457007169724,
139,839,,0.077423095703125
139,839,0.019158948212862015,
140,845,,0.06616215407848358
140,845,0.01769832707941532,
141,851,,0.09447478502988815
141,851,0.01962876319885254,
142,857,,0.08256367594003677
142,857,0.01671030931174755,
143,863,,0.07744292169809341
143,863,0.021251406520605087,
144,869,,0.07182934880256653
144,869,0.017769699916243553,
145,875,,0.09858302026987076
145,875,0.018071826547384262,
146,881,,0.08176320791244507
146,881,0.01991353929042816,
147,887,,0.0666765421628952
147,887,0.017439158633351326,
148,893,,0.08756385743618011
148,893,0.0227658674120903,
149,899,,0.08672209084033966
149,899,0.020896662026643753,
150,905,,0.07987191528081894
150,905,0.019704099744558334,
151,911,,0.07969420403242111
151,911,0.01712421327829361,
152,917,,0.07895322889089584
152,917,0.018523553386330605,
153,923,,0.084398552775383
153,923,0.018845731392502785,
154,929,,0.07458008080720901
154,929,0.020018985494971275,
155,935,,0.07742490619421005
155,935,0.017981426790356636,
156,941,,0.10046349465847015
156,941,0.01894715055823326,
157,947,,0.07446902990341187
157,947,0.01730126328766346,
158,953,,0.07574234157800674
158,953,0.020708246156573296,
159,959,,0.07985111325979233
159,959,0.01821298897266388,
160,965,,0.08886215090751648
160,965,0.01591397635638714,
161,971,,0.08115580677986145
161,971,0.020348263904452324,
162,977,,0.07380316406488419
162,977,0.02039027400314808,
163,983,,0.07066518068313599
163,983,0.01864536479115486,
164,989,,0.08142077922821045
164,989,0.018562229350209236,
165,995,,0.08420687168836594
165,995,0.016154078766703606,
166,1001,,0.07781949639320374
166,1001,0.018449299037456512,
167,1007,,0.07533930242061615
167,1007,0.015272964723408222,
168,1013,,0.08620058000087738
168,1013,0.019098389893770218,
169,1019,,0.07565886527299881
169,1019,0.0174093060195446,
170,1025,,0.07214440405368805
170,1025,0.0182335264980793,
171,1031,,0.08463162183761597
171,1031,0.01780560240149498,
172,1037,,0.0851907804608345
172,1037,0.019584892317652702,
173,1043,,0.07838006317615509
173,1043,0.01795084960758686,
174,1049,,0.08644451946020126
174,1049,0.01627897471189499,
175,1055,,0.06961314380168915
175,1055,0.02014911361038685,
176,1061,,0.08306805789470673
176,1061,0.016147995367646217,
177,1067,,0.09103724360466003
177,1067,0.01849057711660862,
178,1073,,0.07465207576751709
178,1073,0.01797553524374962,
179,1079,,0.06660380214452744
179,1079,0.01873006857931614,
180,1085,,0.08570704609155655
180,1085,0.01875126361846924,
181,1091,,0.07378427684307098
181,1091,0.01815098524093628,
182,1097,,0.07875248789787292
182,1097,0.01864675246179104,
183,1103,,0.06824159622192383
183,1103,0.01769973710179329,
184,1109,,0.10094638168811798
184,1109,0.016982760280370712,
185,1115,,0.06888984888792038
185,1115,0.016669774428009987,
186,1121,,0.07144773751497269
186,1121,0.019201330840587616,
187,1127,,0.07664930820465088
187,1127,0.01854894869029522,
188,1133,,0.0787816122174263
188,1133,0.01795029453933239,
189,1139,,0.07953990250825882
189,1139,0.016902636736631393,
190,1145,,0.08286776393651962
190,1145,0.016775015741586685,
191,1151,,0.06766359508037567
191,1151,0.017444904893636703,
192,1157,,0.0956689864397049
192,1157,0.017050379887223244,
193,1163,,0.07252286374568939
193,1163,0.01795261725783348,
194,1169,,0.07729379832744598
194,1169,0.01730414852499962,
195,1175,,0.08371090143918991
195,1175,0.017261896282434464,
196,1181,,0.0732821375131607
196,1181,0.015989720821380615,
197,1187,,0.08108802139759064
197,1187,0.016762984916567802,
198,1193,,0.08217933028936386
198,1193,0.018223419785499573,
199,1199,,0.07566248625516891
199,1199,0.016939638182520866,
200,1205,,0.09019767493009567
200,1205,0.018147969618439674,
201,1211,,0.07449309527873993
201,1211,0.01589731127023697,
202,1217,,0.08874250948429108
202,1217,0.019241003319621086,
203,1223,,0.06343521922826767
203,1223,0.016292275860905647,
204,1229,,0.09108496457338333
204,1229,0.0177773404866457,
205,1235,,0.08887124061584473
205,1235,0.01876097172498703,
206,1241,,0.07281169295310974
206,1241,0.01626507379114628,
207,1247,,0.09162032604217529
207,1247,0.016195926815271378,
208,1253,,0.07999823987483978
208,1253,0.015252477489411831,
209,1259,,0.08230553567409515
209,1259,0.018152400851249695,
210,1265,,0.06965238600969315
210,1265,0.01599913090467453,
211,1271,,0.07851196825504303
211,1271,0.018090231344103813,
212,1277,,0.10244958102703094
212,1277,0.01696540042757988,
213,1283,,0.06974898278713226
213,1283,0.016504762694239616,
214,1289,,0.08126047253608704
214,1289,0.01527304109185934,
215,1295,,0.09226298332214355
215,1295,0.02003105916082859,
216,1301,,0.06841219961643219
216,1301,0.01778401806950569,
217,1307,,0.08041119575500488
217,1307,0.01540474221110344,
218,1313,,0.08489891141653061
218,1313,0.01648232713341713,
219,1319,,0.07704731822013855
219,1319,0.014637388288974762,
220,1325,,0.09620679914951324
220,1325,0.01773049123585224,
221,1331,,0.07794871926307678
221,1331,0.018120527267456055,
222,1337,,0.07920659333467484
222,1337,0.017004556953907013,
223,1343,,0.07702319324016571
223,1343,0.017595358192920685,
224,1349,,0.07707098126411438
224,1349,0.017039449885487556,
225,1355,,0.09976771473884583
225,1355,0.016763748601078987,
226,1361,,0.06950251013040543
226,1361,0.015589365735650063,
227,1367,,0.06881789118051529
227,1367,0.01616397127509117,
228,1373,,0.08688358962535858
228,1373,0.016473690047860146,
229,1379,,0.08785660564899445
229,1379,0.018313761800527573,
230,1385,,0.07212582230567932
230,1385,0.01646517589688301,
231,1391,,0.08707613497972488
231,1391,0.016739491373300552,
232,1397,,0.0729445293545723
232,1397,0.016201017424464226,
233,1403,,0.08910365402698517
233,1403,0.016109399497509003,
234,1409,,0.06877382844686508
234,1409,0.017006712034344673,
235,1415,,0.07469163835048676
235,1415,0.015801161527633667,
236,1421,,0.09613450616598129
236,1421,0.017645567655563354,
237,1427,,0.05603023245930672
237,1427,0.017319655045866966,
238,1433,,0.10094636678695679
238,1433,0.016741612926125526,
239,1439,,0.07814495265483856
239,1439,0.019891561940312386,
240,1445,,0.07450766861438751
240,1445,0.017254509031772614,
241,1451,,0.09515178203582764
241,1451,0.014698575250804424,
242,1457,,0.06971905380487442
242,1457,0.016059627756476402,
243,1463,,0.08428284525871277
243,1463,0.01759800687432289,
244,1469,,0.0909159928560257
244,1469,0.01604655757546425,
245,1475,,0.0692029520869255
245,1475,0.016784705221652985,
246,1481,,0.10535027831792831
246,1481,0.017076965421438217,
247,1487,,0.07428308576345444
247,1487,0.01798536255955696,
248,1493,,0.07951345294713974
248,1493,0.01659974455833435,
249,1499,,0.0947955772280693
249,1499,0.017868520691990852,
250,1505,,0.06482647359371185
250,1505,0.014822711236774921,
251,1511,,0.08925099670886993
251,1511,0.017013557255268097,
252,1517,,0.08895839750766754
252,1517,0.017246535047888756,
253,1523,,0.07203884422779083
253,1523,0.019262300804257393,
254,1529,,0.09621500968933105
254,1529,0.014602027833461761,
255,1535,,0.07862862944602966
255,1535,0.01775483600795269,
256,1541,,0.07799271494150162
256,1541,0.015497935935854912,
257,1547,,0.09560630470514297
257,1547,0.016911394894123077,
258,1553,,0.07537050545215607
258,1553,0.015252913348376751,
259,1559,,0.08073590695858002
259,1559,0.017479944974184036,
260,1565,,0.08368052542209625
260,1565,0.016419649124145508,
261,1571,,0.08099740743637085
261,1571,0.018279513344168663,
262,1577,,0.08673398941755295
262,1577,0.017500920221209526,
263,1583,,0.07239442318677902
263,1583,0.016295718029141426,
264,1589,,0.08960310369729996
264,1589,0.014781198464334011,
265,1595,,0.07922936975955963
265,1595,0.015619996003806591,
266,1601,,0.07068789750337601
266,1601,0.01770159788429737,
267,1607,,0.10409095138311386
267,1607,0.016656287014484406,
268,1613,,0.06772871315479279
268,1613,0.01653480902314186,
269,1619,,0.0815516784787178
269,1619,0.015680760145187378,
270,1625,,0.0912272110581398
270,1625,0.015826577320694923,
271,1631,,0.07321768254041672
271,1631,0.015473689883947372,
272,1637,,0.08256321400403976
272,1637,0.015609914436936378,
273,1643,,0.0721597820520401
273,1643,0.015175403095781803,
274,1649,,0.08763042837381363
274,1649,0.01722100004553795,
275,1655,,0.07153001427650452
275,1655,0.015176051296293736,
276,1661,,0.09038359671831131
276,1661,0.014325977303087711,
277,1667,,0.0734315812587738
277,1667,0.015039266087114811,
278,1673,,0.07496707141399384
278,1673,0.016643179580569267,
279,1679,,0.08428163826465607
279,1679,0.015259165316820145,
280,1685,,0.08006062358617783
280,1685,0.015073267742991447,
281,1691,,0.07054612040519714
281,1691,0.016967784613370895,
282,1697,,0.09389984607696533
282,1697,0.0157928504049778,
283,1703,,0.07287122309207916
283,1703,0.016481023281812668,
284,1709,,0.09124784916639328
284,1709,0.018260523676872253,
285,1715,,0.08458320051431656
285,1715,0.018604826182127,
286,1721,,0.07222653925418854
286,1721,0.015179423615336418,
287,1727,,0.0955742746591568
287,1727,0.015766000375151634,
288,1733,,0.0791715607047081
288,1733,0.015401789918541908,
289,1739,,0.0855916365981102
289,1739,0.01565491035580635,
290,1745,,0.07571005076169968
290,1745,0.015263494104146957,
291,1751,,0.07308037579059601
291,1751,0.014129980467259884,
292,1757,,0.08939047157764435
292,1757,0.016427945345640182,
293,1763,,0.08665114641189575
293,1763,0.01618630439043045,
294,1769,,0.08463091403245926
294,1769,0.017107199877500534,
295,1775,,0.06923557072877884
295,1775,0.01924356445670128,
296,1781,,0.09490448981523514
296,1781,0.01677062176167965,
297,1787,,0.07031002640724182
297,1787,0.014082957990467548,
298,1793,,0.09298066049814224
298,1793,0.016246676445007324,
299,1799,,0.0777629092335701
299,1799,0.0160478837788105,
300,1805,,0.07885971665382385
300,1805,0.014854867942631245,
301,1811,,0.09173236042261124
301,1811,0.013897491618990898,
302,1817,,0.07969015836715698
302,1817,0.014170735143125057,
303,1823,,0.07627460360527039
303,1823,0.015227919444441795,
304,1829,,0.0802466869354248
304,1829,0.015417193062603474,
305,1835,,0.08060677349567413
305,1835,0.015432978048920631,
306,1841,,0.0960068330168724
306,1841,0.015146104618906975,
307,1847,,0.07405786216259003
307,1847,0.016351787373423576,
308,1853,,0.09990666061639786
308,1853,0.016764340922236443,
309,1859,,0.07167406380176544
309,1859,0.017664829269051552,
310,1865,,0.08047458529472351
310,1865,0.015349281020462513,
311,1871,,0.08992251753807068
311,1871,0.014947041869163513,
312,1877,,0.0796671211719513
312,1877,0.015230854041874409,
313,1883,,0.0834691971540451
313,1883,0.015434714034199715,
314,1889,,0.0809037908911705
314,1889,0.01498797070235014,
315,1895,,0.08572616428136826
315,1895,0.015441808849573135,
316,1901,,0.08025389164686203
316,1901,0.015573227778077126,
317,1907,,0.08026912808418274
317,1907,0.014759588055312634,
318,1913,,0.08185263723134995
318,1913,0.014590835198760033,
319,1919,,0.08855588734149933
319,1919,0.013943640515208244,
320,1925,,0.06888104230165482
320,1925,0.014263558201491833,
321,1931,,0.08935241401195526
321,1931,0.015334997326135635,
322,1937,,0.08445410430431366
322,1937,0.016955045983195305,
323,1943,,0.08999726921319962
323,1943,0.015327501110732555,
324,1949,,0.08034348487854004
324,1949,0.014742763713002205,
325,1955,,0.08403312414884567
325,1955,0.014513757079839706,
326,1961,,0.08161164820194244
326,1961,0.015424772165715694,
327,1967,,0.0947648361325264
327,1967,0.015478800050914288,
328,1973,,0.06632076948881149
328,1973,0.015939032658934593,
329,1979,,0.10559777915477753
329,1979,0.016872934997081757,
330,1985,,0.06706133484840393
330,1985,0.0157514289021492,
331,1991,,0.09099574387073517
331,1991,0.01641823910176754,
332,1997,,0.07100994884967804
332,1997,0.016256626695394516,
333,2003,,0.0892067477107048
333,2003,0.015553365461528301,
334,2009,,0.07950542867183685
334,2009,0.016429955139756203,
335,2015,,0.08570976555347443
335,2015,0.01604488119482994,
336,2021,,0.07892462611198425
336,2021,0.013773230835795403,
337,2027,,0.08295011520385742
337,2027,0.014981360174715519,
338,2033,,0.0835094302892685
338,2033,0.01649748906493187,
339,2039,,0.07337984442710876
339,2039,0.016166193410754204,
340,2045,,0.08773384988307953
340,2045,0.013772641308605671,
341,2051,,0.08123235404491425
341,2051,0.014935769140720367,
342,2057,,0.08245860785245895
342,2057,0.01576872728765011,
343,2063,,0.07214362919330597
343,2063,0.016001440584659576,
344,2069,,0.1009761244058609
344,2069,0.01605319231748581,
345,2075,,0.08253487199544907
345,2075,0.014590345323085785,
346,2081,,0.07844032347202301
346,2081,0.013980896212160587,
347,2087,,0.08324718475341797
347,2087,0.016238901764154434,
348,2093,,0.07890143990516663
348,2093,0.01589358039200306,
349,2099,,0.09670896828174591
349,2099,0.015025461092591286,
350,2105,,0.0737253874540329
350,2105,0.013916348107159138,
351,2111,,0.09144327044487
351,2111,0.014281228184700012,
352,2117,,0.0850968286395073
352,2117,0.015639914199709892,
353,2123,,0.07655883580446243
353,2123,0.015377439558506012,
354,2129,,0.09781200438737869
354,2129,0.015570216812193394,
355,2135,,0.08497141301631927
355,2135,0.015926821157336235,
356,2141,,0.0687008947134018
356,2141,0.015519481152296066,
357,2147,,0.09639910608530045
357,2147,0.01583276502788067,
358,2153,,0.07334659993648529
358,2153,0.014668853022158146,
359,2159,,0.07721589505672455
359,2159,0.014192678034305573,
360,2165,,0.10102559626102448
360,2165,0.015089760534465313,
361,2171,,0.06884419918060303
361,2171,0.015387930907309055,
362,2177,,0.0881878063082695
362,2177,0.015370617620646954,
363,2183,,0.08193095773458481
363,2183,0.014134575612843037,
364,2189,,0.08483725786209106
364,2189,0.015231097117066383,
365,2195,,0.08761053532361984
365,2195,0.014564381912350655,
366,2201,,0.0747755914926529
366,2201,0.01462193951010704,
367,2207,,0.07908443361520767
367,2207,0.014362446032464504,
368,2213,,0.07646479457616806
368,2213,0.014630751684308052,
369,2219,,0.09947413206100464
369,2219,0.016252689063549042,
370,2225,,0.07323156297206879
370,2225,0.014235668815672398,
371,2231,,0.09248681366443634
371,2231,0.0157666876912117,
372,2237,,0.07374581694602966
372,2237,0.015016013756394386,
373,2243,,0.0866653323173523
373,2243,0.014634110033512115,
374,2249,,0.08091160655021667
374,2249,0.01407589390873909,
375,2255,,0.0891181081533432
375,2255,0.013892431743443012,
376,2261,,0.0747988298535347
376,2261,0.014645473100244999,
377,2267,,0.09754675626754761
377,2267,0.014043711125850677,
378,2273,,0.07019438594579697
378,2273,0.014228829182684422,
379,2279,,0.08484745025634766
379,2279,0.014064221642911434,
380,2285,,0.06935359537601471
380,2285,0.014624548144638538,
381,2291,,0.096408411860466
381,2291,0.015311476774513721,
382,2297,,0.07118704169988632
382,2297,0.01484337355941534,
383,2303,,0.08727285265922546
383,2303,0.014003023505210876,
384,2309,,0.08523062616586685
384,2309,0.014078039675951004,
385,2315,,0.08251025527715683
385,2315,0.01486673392355442,
386,2321,,0.08866781741380692
386,2321,0.014289245009422302,
387,2327,,0.07930365949869156
387,2327,0.01577613689005375,
388,2333,,0.0836062803864479
388,2333,0.015189857222139835,
389,2339,,0.08100250363349915
389,2339,0.014445948414504528,
390,2345,,0.0803675726056099
390,2345,0.015397453680634499,
391,2351,,0.09404876083135605
391,2351,0.014679173938930035,
392,2357,,0.07303619384765625
392,2357,0.015377401374280453,
393,2363,,0.08433901518583298
393,2363,0.016164783388376236,
394,2369,,0.08158238232135773
394,2369,0.01437346637248993,
395,2375,,0.07446981221437454
395,2375,0.014559798873960972,
396,2381,,0.08467189222574234
396,2381,0.01404995284974575,
397,2387,,0.06908131390810013
397,2387,0.013613377697765827,
398,2393,,0.09817007184028625
398,2393,0.014813795685768127,
399,2399,,0.0820971429347992
399,2399,0.015423941425979137,
400,2405,,0.07400989532470703
400,2405,0.013965518213808537,
401,2411,,0.08247125893831253
401,2411,0.014070561155676842,
402,2417,,0.08655218780040741
402,2417,0.014373643323779106,
403,2423,,0.07492510974407196
403,2423,0.014697093516588211,
404,2429,,0.09246928989887238
404,2429,0.014032394625246525,
405,2435,,0.07269761711359024
405,2435,0.014468852430582047,
406,2441,,0.078392393887043
406,2441,0.013762736693024635,
407,2447,,0.07231981307268143
407,2447,0.013336027972400188,
408,2453,,0.08534945547580719
408,2453,0.014235656708478928,
409,2459,,0.08363953977823257
409,2459,0.014298494905233383,
410,2465,,0.08669072389602661
410,2465,0.014618268236517906,
411,2471,,0.08207229524850845
411,2471,0.014255956746637821,
412,2477,,0.07866380363702774
412,2477,0.013596422038972378,
413,2483,,0.09044454991817474
413,2483,0.014374816790223122,
414,2489,,0.08140954375267029
414,2489,0.014651579782366753,
415,2495,,0.07973873615264893
415,2495,0.01423405110836029,
416,2501,,0.08921030908823013
416,2501,0.014061789959669113,
417,2507,,0.07663510739803314
417,2507,0.01546549517661333,
418,2513,,0.0882786214351654
418,2513,0.0147094102576375,
419,2519,,0.06993088871240616
419,2519,0.01605927385389805,
420,2525,,0.0930570662021637
420,2525,0.01529756560921669,
421,2531,,0.0699131041765213
421,2531,0.013418219983577728,
422,2537,,0.08999358862638474
422,2537,0.014702021144330502,
423,2543,,0.07323479652404785
423,2543,0.013067674823105335,
424,2549,,0.08810818940401077
424,2549,0.012568360194563866,
425,2555,,0.08300171792507172
425,2555,0.014939387328922749,
426,2561,,0.0856853574514389
426,2561,0.01440252736210823,
427,2567,,0.09192406386137009
427,2567,0.01484424713999033,
428,2573,,0.0942336842417717
428,2573,0.013688046485185623,
429,2579,,0.07952604442834854
429,2579,0.014877601526677608,
430,2585,,0.07385631650686264
430,2585,0.015163259580731392,
431,2591,,0.08174943178892136
431,2591,0.01336248591542244,
432,2597,,0.07317022979259491
432,2597,0.01340210810303688,
433,2603,,0.08597606420516968
433,2603,0.013346235267817974,
434,2609,,0.08486957848072052
434,2609,0.016196655109524727,
435,2615,,0.09065072238445282
435,2615,0.016177760437130928,
436,2621,,0.07924428582191467
436,2621,0.013137128204107285,
437,2627,,0.0851537436246872
437,2627,0.013819267973303795,
438,2633,,0.08826425671577454
438,2633,0.01446547918021679,
439,2639,,0.060948263853788376
439,2639,0.014457090757787228,
440,2645,,0.09493480622768402
440,2645,0.014387679286301136,
441,2651,,0.06714385747909546
441,2651,0.013281328603625298,
442,2657,,0.10384084284305573
442,2657,0.01491429004818201,
443,2663,,0.06653157621622086
443,2663,0.014273270033299923,
444,2669,,0.10048192739486694
444,2669,0.015228522941470146,
445,2675,,0.07441949099302292
445,2675,0.0134271290153265,
446,2681,,0.08406402915716171
446,2681,0.013820052146911621,
447,2687,,0.07720635086297989
447,2687,0.014545954763889313,
448,2693,,0.08581901341676712
448,2693,0.013540057465434074,
449,2699,,0.08581700176000595
449,2699,0.013488782569766045,
450,2705,,0.08265884220600128
450,2705,0.013261405751109123,
451,2711,,0.07909031957387924
451,2711,0.014643335714936256,
452,2717,,0.08400572091341019
452,2717,0.014072061516344547,
453,2723,,0.08198332041501999
453,2723,0.013911486603319645,
454,2729,,0.0711987242102623
454,2729,0.014164194464683533,
455,2735,,0.0868588238954544
455,2735,0.013654450885951519,
456,2741,,0.07230982929468155
456,2741,0.015000120736658573,
457,2747,,0.08654006570577621
457,2747,0.014108682982623577,
458,2753,,0.08612637221813202
458,2753,0.015310158021748066,
459,2759,,0.07251443713903427
459,2759,0.013442807830870152,
460,2765,,0.09353365004062653
460,2765,0.014156442135572433,
461,2771,,0.08620819449424744
461,2771,0.014433775097131729,
462,2777,,0.07423361390829086
462,2777,0.014104077592492104,
463,2783,,0.08957625180482864
463,2783,0.014621985144913197,
464,2789,,0.06512023508548737
464,2789,0.015789011493325233,
465,2795,,0.08148956298828125
465,2795,0.013464732095599174,
466,2801,,0.09419336169958115
466,2801,0.01310262456536293,
467,2807,,0.06678582727909088
467,2807,0.014608590863645077,
468,2813,,0.09582668542861938
468,2813,0.014591807499527931,
469,2819,,0.07097291946411133
469,2819,0.013275058940052986,
470,2825,,0.08358363062143326
470,2825,0.01372132170945406,
471,2831,,0.07769306749105453
471,2831,0.014029823243618011,
472,2837,,0.07764202356338501
472,2837,0.014234354719519615,
473,2843,,0.08325092494487762
473,2843,0.013555025681853294,
474,2849,,0.07499756664037704
474,2849,0.013574863784015179,
475,2855,,0.09426821023225784
475,2855,0.013815943151712418,
476,2861,,0.07398835569620132
476,2861,0.013328786939382553,
477,2867,,0.07948938012123108
477,2867,0.013814411126077175,
478,2873,,0.07884281873703003
478,2873,0.01359684206545353,
479,2879,,0.08783349394798279
479,2879,0.01450013555586338,
480,2885,,0.059950344264507294
480,2885,0.015116453170776367,
481,2891,,0.10907642543315887
481,2891,0.015410536900162697,
482,2897,,0.06597515940666199
482,2897,0.01538780890405178,
483,2903,,0.08517113327980042
483,2903,0.013726430013775826,
484,2909,,0.07967066019773483
484,2909,0.013015668839216232,
485,2915,,0.07822074741125107
485,2915,0.013475178740918636,
486,2921,,0.08039765805006027
486,2921,0.013010869733989239,
487,2927,,0.06998910754919052
487,2927,0.014124255627393723,
488,2933,,0.10274364799261093
488,2933,0.013572711497545242,
489,2939,,0.05935268849134445
489,2939,0.015468018129467964,
490,2945,,0.12667067348957062
490,2945,0.013827437534928322,
491,2951,,0.05975649878382683
491,2951,0.0177000742405653,
492,2957,,0.08106914162635803
492,2957,0.01509985700249672,
493,2963,,0.10118730366230011
493,2963,0.014552113600075245,
494,2969,,0.06620663404464722
494,2969,0.013687205500900745,
495,2975,,0.1010483130812645
495,2975,0.014290696009993553,
496,2981,,0.0778854489326477
496,2981,0.014009556733071804,
497,2987,,0.07092534005641937
497,2987,0.013985163532197475,
498,2993,,0.10133194923400879
498,2993,0.013665830716490746,
499,2999,,0.06372033059597015
499,2999,0.014667121693491936,
500,3005,,0.08416756987571716
500,3005,0.014844258315861225,
501,3011,,0.08354391157627106
501,3011,0.013104747049510479,
502,3017,,0.06467381864786148
502,3017,0.014303188771009445,
503,3023,,0.09767358005046844
503,3023,0.01401768159121275,
504,3029,,0.06633400171995163
504,3029,0.014098292216658592,
505,3035,,0.09949419647455215
505,3035,0.013374795205891132,
506,3041,,0.07736852020025253
506,3041,0.014510851353406906,
507,3047,,0.08203219622373581
507,3047,0.013288198970258236,
508,3053,,0.07779286801815033
508,3053,0.013980699703097343,
509,3059,,0.058620650321245193
509,3059,0.01560741662979126,
510,3065,,0.1004825085401535
510,3065,0.014159760437905788,
511,3071,,0.06475723534822464
511,3071,0.01496540941298008,
512,3077,,0.0667605921626091
512,3077,0.015913212671875954,
513,3083,,0.12061196565628052
513,3083,0.014732289128005505,
514,3089,,0.06715179234743118
514,3089,0.015443447977304459,
515,3095,,0.09502723067998886
515,3095,0.013892563059926033,
516,3101,,0.07285377383232117
516,3101,0.013763080351054668,
517,3107,,0.09004957228899002
517,3107,0.013023339211940765,
518,3113,,0.06328713148832321
518,3113,0.01487103570252657,
519,3119,,0.0912390947341919
519,3119,0.014031716622412205,
520,3125,,0.07987341284751892
520,3125,0.013484706170856953,
521,3131,,0.08527121692895889
521,3131,0.013381519354879856,
522,3137,,0.06418439745903015
522,3137,0.013520141132175922,
523,3143,,0.10601562261581421
523,3143,0.013345632702112198,
524,3149,,0.05947362259030342
524,3149,0.01423900667577982,
525,3155,,0.08406729251146317
525,3155,0.014951204881072044,
526,3161,,0.0976172387599945
526,3161,0.01463940367102623,
527,3167,,0.07449308782815933
527,3167,0.013258655555546284,
528,3173,,0.07571085542440414
528,3173,0.013881909660995007,
529,3179,,0.08960460126399994
529,3179,0.013512284494936466,
530,3185,,0.07211050391197205
530,3185,0.014274312183260918,
531,3191,,0.10275675356388092
531,3191,0.014220325276255608,
532,3197,,0.06781825423240662
532,3197,0.01496532466262579,
533,3203,,0.07931973785161972
533,3203,0.013675468042492867,
534,3209,,0.09371289610862732
534,3209,0.014008250087499619,
535,3215,,0.06473669409751892
535,3215,0.013994967564940453,
536,3221,,0.09382131695747375
536,3221,0.014743044972419739,
537,3227,,0.0845450758934021
537,3227,0.014230662025511265,
538,3233,,0.06594765186309814
538,3233,0.013685528188943863,
539,3239,,0.09666500985622406
539,3239,0.013320512138307095,
540,3245,,0.07143882662057877
540,3245,0.014648957177996635,
541,3251,,0.07172432541847229
541,3251,0.01369897834956646,
542,3257,,0.09328105300664902
542,3257,0.012963658198714256,
543,3263,,0.05176495760679245
543,3263,0.016103127971291542,
544,3269,,0.0766492560505867
544,3269,0.015778347849845886,
545,3275,,0.09475994110107422
545,3275,0.013899984769523144,
546,3281,,0.061547089368104935
546,3281,0.01433815062046051,
547,3287,,0.09436117857694626
547,3287,0.01481454074382782,
548,3293,,0.08838890492916107
548,3293,0.015675615519285202,
549,3299,,0.06245307996869087
549,3299,0.013914942741394043,
550,3305,,0.091646209359169
550,3305,0.01585995964705944,
551,3311,,0.08175859600305557
551,3311,0.015281746163964272,
552,3317,,0.08295100182294846
552,3317,0.01350408885627985,
553,3323,,0.06657273322343826
553,3323,0.013786699622869492,
554,3329,,0.10451944172382355
554,3329,0.015074594877660275,
555,3335,,0.07041410356760025
555,3335,0.014880704693496227,
556,3341,,0.07304365932941437
556,3341,0.013217156752943993,
557,3347,,0.07428580522537231
557,3347,0.01358735840767622,
558,3353,,0.08503751456737518
558,3353,0.012462399899959564,
559,3359,,0.08727190643548965
559,3359,0.01302293036133051,
560,3365,,0.06364001333713531
560,3365,0.01342005841434002,
561,3371,,0.10013437271118164
561,3371,0.013766451738774776,
562,3377,,0.05870118737220764
562,3377,0.01319206040352583,
563,3383,,0.08143714815378189
563,3383,0.01387074775993824,
564,3389,,0.10174397379159927
564,3389,0.013615046627819538,
565,3395,,0.06140977889299393
565,3395,0.013790913857519627,
566,3401,,0.08649682998657227
566,3401,0.013913648203015327,
567,3407,,0.0976952612400055
567,3407,0.015108441933989525,
568,3413,,0.06744881719350815
568,3413,0.013794566504657269,
569,3419,,0.06999485939741135
569,3419,0.013678272254765034,
570,3425,,0.09522023797035217
570,3425,0.012691831216216087,
571,3431,,0.06558168679475784
571,3431,0.013478031381964684,
572,3437,,0.06761926412582397
572,3437,0.015448291786015034,
573,3443,,0.0988871306180954
573,3443,0.015571458265185356,
574,3449,,0.06247276812791824
574,3449,0.012564531527459621,
575,3455,,0.09754430502653122
575,3455,0.013483365066349506,
576,3461,,0.06763216108083725
576,3461,0.012532137334346771,
577,3467,,0.07190671563148499
577,3467,0.013241512700915337,
578,3473,,0.09713098406791687
578,3473,0.013068380765616894,
579,3479,,0.08167392760515213
579,3479,0.014642413705587387,
580,3485,,0.07862279564142227
580,3485,0.014413034543395042,
581,3491,,0.07696785777807236
581,3491,0.013937282375991344,
582,3497,,0.0863531231880188
582,3497,0.01293309684842825,
583,3503,,0.08616438508033752
583,3503,0.012538254261016846,
584,3509,,0.07848681509494781
584,3509,0.012635021470487118,
585,3515,,0.08661610633134842
585,3515,0.013283970765769482,
586,3521,,0.068989597260952
586,3521,0.01295403204858303,
587,3527,,0.07874869555234909
587,3527,0.013827829621732235,
588,3533,,0.08314983546733856
588,3533,0.013610435649752617,
589,3539,,0.06976203620433807
589,3539,0.01183636486530304,
590,3545,,0.08060882985591888
590,3545,0.012865887954831123,
591,3551,,0.07639988511800766
591,3551,0.012882964685559273,
592,3557,,0.06643860042095184
592,3557,0.013430221006274223,
593,3563,,0.074967160820961
593,3563,0.013626070693135262,
594,3569,,0.09729639440774918
594,3569,0.013647408224642277,
595,3575,,0.06983978301286697
595,3575,0.013292577117681503,
596,3581,,0.07281028479337692
596,3581,0.012645551934838295,
597,3587,,0.06835520267486572
597,3587,0.013981843367218971,
598,3593,,0.09054993093013763
598,3593,0.014128525741398335,
599,3599,,0.0986207127571106
599,3599,0.013360735028982162,
600,3605,,0.07035665214061737
600,3605,0.013646342791616917,
601,3611,,0.08691252022981644
601,3611,0.013614931143820286,
602,3617,,0.08411450684070587
602,3617,0.01325240172445774,
603,3623,,0.07995402067899704
603,3623,0.013383805751800537,
604,3629,,0.08176319301128387
604,3629,0.01384638249874115,
605,3635,,0.09915211796760559
605,3635,0.013589867390692234,
606,3641,,0.07352810353040695
606,3641,0.013072453439235687,
607,3647,,0.0670631006360054
607,3647,0.015933295711874962,
608,3653,,0.09732073545455933
608,3653,0.014121515676379204,
609,3659,,0.08442526310682297
609,3659,0.013244989328086376,
610,3665,,0.07285666465759277
610,3665,0.013586288318037987,
611,3671,,0.07782642543315887
611,3671,0.013090578839182854,
612,3677,,0.09103433042764664
612,3677,0.012473131529986858,
613,3683,,0.06646698713302612
613,3683,0.01229435857385397,
614,3689,,0.07977338135242462
614,3689,0.01276799850165844,
615,3695,,0.08977356553077698
615,3695,0.012334827333688736,
616,3701,,0.06706628948450089
616,3701,0.013769291341304779,
617,3707,,0.085598424077034
617,3707,0.013778253458440304,
618,3713,,0.09249124675989151
618,3713,0.013315445743501186,
619,3719,,0.06841012090444565
619,3719,0.014080081135034561,
620,3725,,0.0645194947719574
620,3725,0.014434203505516052,
621,3731,,0.10086758434772491
621,3731,0.01532627735286951,
622,3737,,0.07053641974925995
622,3737,0.012228818610310555,
623,3743,,0.07863941043615341
623,3743,0.013035313226282597,
624,3749,,0.08988021314144135
624,3749,0.013756043277680874,
625,3755,,0.0785508081316948
625,3755,0.013073256239295006,
626,3761,,0.07993572950363159
626,3761,0.012231079861521721,
627,3767,,0.07705982774496078
627,3767,0.012582271359860897,
628,3773,,0.06849382072687149
628,3773,0.012298788875341415,
629,3779,,0.08232386410236359
629,3779,0.013003317639231682,
630,3785,,0.08462339639663696
630,3785,0.013900134712457657,
631,3791,,0.08218885213136673
631,3791,0.01369892992079258,
632,3797,,0.08034495264291763
632,3797,0.012449757196009159,
633,3803,,0.08353908360004425
633,3803,0.011935659684240818,
634,3809,,0.0767027959227562
634,3809,0.011994915083050728,
635,3815,,0.06392361223697662
635,3815,0.014414256438612938,
636,3821,,0.07982178777456284
636,3821,0.014028146862983704,
637,3827,,0.10709162056446075
637,3827,0.014079435728490353,
638,3833,,0.0537550151348114
638,3833,0.013650696724653244,
639,3839,,0.07057655602693558
639,3839,0.014489443972706795,
640,3845,,0.11802472174167633
640,3845,0.01456389669328928,
641,3851,,0.05893220752477646
641,3851,0.013428530655801296,
642,3857,,0.07148346304893494
642,3857,0.014777524396777153,
643,3863,,0.10915805399417877
643,3863,0.014468164183199406,
644,3869,,0.08181183785200119
644,3869,0.013797832652926445,
645,3875,,0.06329823285341263
645,3875,0.014494841918349266,
646,3881,,0.08164699375629425
646,3881,0.012919452041387558,
647,3887,,0.0960271805524826
647,3887,0.01385397370904684,
648,3893,,0.06482730805873871
648,3893,0.01231759786605835,
649,3899,,0.07199092209339142
649,3899,0.013590676710009575,
650,3905,,0.07987532764673233
650,3905,0.01279020868241787,
651,3911,,0.08814802020788193
651,3911,0.012413118965923786,
652,3917,,0.08234729617834091
652,3917,0.014198488555848598,
653,3923,,0.05008658021688461
653,3923,0.014470338821411133,
654,3929,,0.09842561930418015
654,3929,0.013744275085628033,
655,3935,,0.09355414658784866
655,3935,0.013455744832754135,
656,3941,,0.06058643013238907
656,3941,0.012749078683555126,
657,3947,,0.06851596385240555
657,3947,0.01333567313849926,
658,3953,,0.10526517778635025
658,3953,0.014173679985105991,
659,3959,,0.08050363510847092
659,3959,0.014260063879191875,
660,3965,,0.06071679666638374
660,3965,0.013660372234880924,
661,3971,,0.08494248986244202
661,3971,0.013785888440907001,
662,3977,,0.0929877758026123
662,3977,0.014160852879285812,
663,3983,,0.10242686420679092
663,3983,0.013853643089532852,
664,3989,,0.05669759586453438
664,3989,0.01356798131018877,
665,3995,,0.11987803131341934
665,3995,0.01393107883632183,
666,4001,,0.09276668727397919
666,4001,0.01643630862236023,
667,4007,,0.05398864671587944
667,4007,0.014797084964811802,
668,4013,,0.09326291084289551
668,4013,0.011865129694342613,
669,4019,,0.08282236009836197
669,4019,0.013955454342067242,
670,4025,,0.08439844101667404
670,4025,0.012521820142865181,
671,4031,,0.07937882095575333
671,4031,0.015214641578495502,
672,4037,,0.046512167900800705
672,4037,0.015851903706789017,
673,4043,,0.08545877784490585
673,4043,0.013780102133750916,
674,4049,,0.08028478920459747
674,4049,0.013549810275435448,
675,4055,,0.06745730340480804
675,4055,0.013633440248668194,
676,4061,,0.07651783525943756
676,4061,0.012592139653861523,
677,4067,,0.0710664764046669
677,4067,0.012572066858410835,
678,4073,,0.059985410422086716
678,4073,0.013371385633945465,
679,4079,,0.08559054136276245
679,4079,0.014017513021826744,
680,4085,,0.06396489590406418
680,4085,0.011823907494544983,
681,4091,,0.07242394983768463
681,4091,0.013611909002065659,
682,4097,,0.07888346165418625
682,4097,0.012973069213330746,
683,4103,,0.07383391261100769
683,4103,0.012447144836187363,
684,4109,,0.08719398081302643
684,4109,0.012940785847604275,
685,4115,,0.0878613069653511
685,4115,0.012531659565865993,
686,4121,,0.08289074897766113
686,4121,0.012917345389723778,
687,4127,,0.09433150291442871
687,4127,0.013103706762194633,
688,4133,,0.05241063982248306
688,4133,0.012647598050534725,
689,4139,,0.05848134681582451
689,4139,0.015261564403772354,
690,4145,,0.09270452708005905
690,4145,0.015032450668513775,
691,4151,,0.08123823255300522
691,4151,0.012778514996170998,
692,4157,,0.07315028458833694
692,4157,0.013071603141725063,
693,4163,,0.06842347234487534
693,4163,0.012604361400008202,
694,4169,,0.09742889553308487
694,4169,0.01251766923815012,
695,4175,,0.08351610600948334
695,4175,0.013470787554979324,
696,4181,,0.07846224308013916
696,4181,0.012787926010787487,
697,4187,,0.07016310095787048
697,4187,0.012361685745418072,
698,4193,,0.07655064761638641
698,4193,0.012100749649107456,
699,4199,,0.09880416095256805
699,4199,0.012948214076459408,
700,4205,,0.07439661026000977
700,4205,0.013982483185827732,
701,4211,,0.08345481008291245
701,4211,0.012230562046170235,
702,4217,,0.0601942241191864
702,4217,0.011965425685048103,
703,4223,,0.07373040914535522
703,4223,0.012920835055410862,
704,4229,,0.0683293417096138
704,4229,0.012513467110693455,
705,4235,,0.11480734497308731
705,4235,0.013579988852143288,
706,4241,,0.08142461627721786
706,4241,0.013971969485282898,
707,4247,,0.08191462606191635
707,4247,0.012495182454586029,
708,4253,,0.07188010215759277
708,4253,0.012391993775963783,
709,4259,,0.07439833134412766
709,4259,0.012837512418627739,
710,4265,,0.07643477618694305
710,4265,0.01228285115212202,
711,4271,,0.06955303251743317
711,4271,0.012598545290529728,
712,4277,,0.09776872396469116
712,4277,0.013320096768438816,
713,4283,,0.09036961197853088
713,4283,0.01189445797353983,
714,4289,,0.06874608993530273
714,4289,0.012278390116989613,
715,4295,,0.07158108055591583
715,4295,0.012518742121756077,
716,4301,,0.07104746252298355
716,4301,0.013279921375215054,
717,4307,,0.09794625639915466
717,4307,0.013092034496366978,
718,4313,,0.09950567781925201
718,4313,0.01317177340388298,
719,4319,,0.058805692940950394
719,4319,0.01263017114251852,
720,4325,,0.057915784418582916
720,4325,0.01365553680807352,
721,4331,,0.07837707549333572
721,4331,0.013605394400656223,
722,4337,,0.09044666588306427
722,4337,0.012445318512618542,
723,4343,,0.09117832034826279
723,4343,0.0127021549269557,
724,4349,,0.07263164967298508
724,4349,0.013179091736674309,
725,4355,,0.07464295625686646
725,4355,0.013083893805742264,
726,4361,,0.06507907807826996
726,4361,0.012934787198901176,
727,4367,,0.08343342691659927
727,4367,0.012990524061024189,
728,4373,,0.10825641453266144
728,4373,0.01410827599465847,
729,4379,,0.08056582510471344
729,4379,0.014944101683795452,
730,4385,,0.07364991307258606
730,4385,0.012320371344685555,
731,4391,,0.06632933765649796
731,4391,0.012806093320250511,
732,4397,,0.08571690320968628
732,4397,0.013202535919845104,
733,4403,,0.09187290072441101
733,4403,0.012734536081552505,
734,4409,,0.06888820976018906
734,4409,0.012618107721209526,
735,4415,,0.07854989916086197
735,4415,0.012967709451913834,
736,4421,,0.08038408309221268
736,4421,0.012107018381357193,
737,4427,,0.06900517642498016
737,4427,0.012367627583444118,
738,4433,,0.06147940084338188
738,4433,0.013850892893970013,
739,4439,,0.06525357812643051
739,4439,0.014790111221373081,
740,4445,,0.08467177301645279
740,4445,0.013408645987510681,
741,4451,,0.10297483205795288
741,4451,0.01293317973613739,
742,4457,,0.09283863753080368
742,4457,0.01393626444041729,
743,4463,,0.07761526107788086
743,4463,0.012382774613797665,
744,4469,,0.07679736614227295
744,4469,0.012346766889095306,
745,4475,,0.07124178856611252
745,4475,0.012477890588343143,
746,4481,,0.06685078144073486
746,4481,0.012260597199201584,
747,4487,,0.0957455262541771
747,4487,0.012763717211782932,
748,4493,,0.08134899288415909
748,4493,0.012497116811573505,
749,4499,,0.06973092257976532
749,4499,0.013075913302600384,
750,4505,,0.06477386504411697
750,4505,0.012741876766085625,
751,4511,,0.07836779952049255
751,4511,0.0132156265899539,
752,4517,,0.08055181056261063
752,4517,0.013090130873024464,
753,4523,,0.0709785521030426
753,4523,0.012841494753956795,
754,4529,,0.06935174763202667
754,4529,0.012095761485397816,
755,4535,,0.0825890377163887
755,4535,0.014125948771834373,
756,4541,,0.08672736585140228
756,4541,0.013450529426336288,
757,4547,,0.08920642733573914
757,4547,0.014904477633535862,
758,4553,,0.1052081361413002
758,4553,0.012596403248608112,
759,4559,,0.09009651094675064
759,4559,0.014158610254526138,
760,4565,,0.053183116018772125
760,4565,0.01340971514582634,
761,4571,,0.06678938865661621
761,4571,0.013047588057816029,
762,4577,,0.10863111168146133
762,4577,0.013661356642842293,
763,4583,,0.10749957710504532
763,4583,0.013847033493220806,
764,4589,,0.059459127485752106
764,4589,0.013477138243615627,
765,4595,,0.04648980498313904
765,4595,0.013858553022146225,
766,4601,,0.06874570995569229
766,4601,0.01711486466228962,
767,4607,,0.1174040213227272
767,4607,0.015117494389414787,
768,4613,,0.0865168571472168
768,4613,0.013486146926879883,
769,4619,,0.05723581463098526
769,4619,0.013644758611917496,
770,4625,,0.05230352282524109
770,4625,0.013408609665930271,
771,4631,,0.0974116399884224
771,4631,0.014990395866334438,
772,4637,,0.08574403077363968
772,4637,0.01331090833991766,
773,4643,,0.08888315409421921
773,4643,0.013679955154657364,
774,4649,,0.06563875824213028
774,4649,0.01316396240144968,
775,4655,,0.05634076148271561
775,4655,0.012245607562363148,
776,4661,,0.06324358284473419
776,4661,0.014603386633098125,
777,4667,,0.07783263176679611
777,4667,0.01402022410184145,
778,4673,,0.12800613045692444
778,4673,0.012650446966290474,
779,4679,,0.07677137851715088
779,4679,0.014411666430532932,
780,4685,,0.060124367475509644
780,4685,0.012078119441866875,
781,4691,,0.07368249446153641
781,4691,0.013477141037583351,
782,4697,,0.09179740399122238
782,4697,0.012431514449417591,
783,4703,,0.052325643599033356
783,4703,0.014796234667301178,
784,4709,,0.05887124687433243
784,4709,0.013732116669416428,
785,4715,,0.08446605503559113
785,4715,0.0133828641846776,
786,4721,,0.06901311129331589
786,4721,0.01271761767566204,
787,4727,,0.08263696730136871
787,4727,0.012391451746225357,
788,4733,,0.07569185644388199
788,4733,0.011763853952288628,
789,4739,,0.08326127380132675
789,4739,0.012782825157046318,
790,4745,,0.09706564247608185
790,4745,0.012411519885063171,
791,4751,,0.08664755523204803
791,4751,0.013221843168139458,
792,4757,,0.07044029235839844
792,4757,0.013421311974525452,
793,4763,,0.07070587575435638
793,4763,0.013523541390895844,
794,4769,,0.06704136729240417
794,4769,0.012482674792408943,
795,4775,,0.09551113098859787
795,4775,0.013224326074123383,
796,4781,,0.08827304095029831
796,4781,0.012505613267421722,
797,4787,,0.0895068421959877
797,4787,0.01337357982993126,
798,4793,,0.05790620297193527
798,4793,0.012499705888330936,
799,4799,,0.08247998356819153
799,4799,0.012888943776488304,
800,4805,,0.06609029322862625
800,4805,0.011734440922737122,
801,4811,,0.06253679096698761
801,4811,0.012814417481422424,
802,4817,,0.06166980415582657
802,4817,0.01242546085268259,
803,4823,,0.06528884172439575
803,4823,0.0133819580078125,
804,4829,,0.1156737357378006
804,4829,0.013814813457429409,
805,4835,,0.13007129728794098
805,4835,0.014624420553445816,
806,4841,,0.10705973953008652
806,4841,0.018148943781852722,
807,4847,,0.0698305293917656
807,4847,0.020583590492606163,
808,4853,,0.054037414491176605
808,4853,0.017551984637975693,
809,4859,,0.06138179451227188
809,4859,0.013353535905480385,
810,4865,,0.0867779552936554
810,4865,0.012972532771527767,
811,4871,,0.09167608618736267
811,4871,0.013964487239718437,
812,4877,,0.09022023528814316
812,4877,0.012781951576471329,
813,4883,,0.08772917091846466
813,4883,0.012111371383070946,
814,4889,,0.08292706310749054
814,4889,0.01287746150046587,
815,4895,,0.0994773879647255
815,4895,0.013621047139167786,
816,4901,,0.10953424870967865
816,4901,0.013423969969153404,
817,4907,,0.06170465797185898
817,4907,0.013759533874690533,
818,4913,,0.06630052626132965
818,4913,0.013786586001515388,
819,4919,,0.048583630472421646
819,4919,0.014178182929754257,
820,4925,,0.062472712248563766
820,4925,0.014394809491932392,
821,4931,,0.06727148592472076
821,4931,0.01413118839263916,
822,4937,,0.0824849009513855
822,4937,0.012718298472464085,
823,4943,,0.06879577785730362
823,4943,0.012509901076555252,
824,4949,,0.056851111352443695
824,4949,0.012942894361913204,
825,4955,,0.07239800691604614
825,4955,0.01260195579379797,
826,4961,,0.06824903935194016
826,4961,0.013017222285270691,
827,4967,,0.10320892184972763
827,4967,0.013693755492568016,
828,4973,,0.08985797315835953
828,4973,0.01360960491001606,
829,4979,,0.0695885494351387
829,4979,0.011610712856054306,
830,4985,,0.05730973929166794
830,4985,0.01265578530728817,
831,4991,,0.08859016746282578
831,4991,0.013475107029080391,
832,4997,,0.11682238429784775
832,4997,0.014967032708227634,
833,5003,,0.0746496319770813
833,5003,0.012786432169377804,
834,5009,,0.0701780915260315
834,5009,0.013147595338523388,
835,5015,,0.05406343191862106
835,5015,0.013366436585783958,
836,5021,,0.07530231773853302
836,5021,0.012930458411574364,
837,5027,,0.09746057540178299
837,5027,0.012667091563344002,
838,5033,,0.06022532656788826
838,5033,0.012340336106717587,
839,5039,,0.049216438084840775
839,5039,0.01313627976924181,
840,5045,,0.07647041976451874
840,5045,0.015157906338572502,
841,5051,,0.09377603977918625
841,5051,0.0126858064904809,
842,5057,,0.07833690196275711
842,5057,0.012051720172166824,
843,5063,,0.08360141515731812
843,5063,0.011662924662232399,
844,5069,,0.07844775915145874
844,5069,0.013778272084891796,
845,5075,,0.08546046912670135
845,5075,0.014752373099327087,
846,5081,,0.09668493270874023
846,5081,0.012437154538929462,
847,5087,,0.09565555304288864
847,5087,0.013706699013710022,
848,5093,,0.0837821438908577
848,5093,0.013057717122137547,
849,5099,,0.09829696267843246
849,5099,0.011887069791555405,
850,5105,,0.09232671558856964
850,5105,0.013698448427021503,
851,5111,,0.05856217071413994
851,5111,0.012135371565818787,
852,5117,,0.06351473182439804
852,5117,0.012763815000653267,
853,5123,,0.06660333275794983
853,5123,0.014002056792378426,
854,5129,,0.10533927381038666
854,5129,0.013795431703329086,
855,5135,,0.09635467827320099
855,5135,0.012625201605260372,
856,5141,,0.07192400097846985
856,5141,0.015025520697236061,
857,5147,,0.05614091083407402
857,5147,0.013141732662916183,
858,5153,,0.0705634355545044
858,5153,0.01359192281961441,
859,5159,,0.0901554599404335
859,5159,0.012395244091749191,
860,5165,,0.07737741619348526
860,5165,0.012002323754131794,
861,5171,,0.07782449573278427
861,5171,0.011952942237257957,
862,5177,,0.08171644806861877
862,5177,0.013534833677113056,
863,5183,,0.07502119243144989
863,5183,0.012181602418422699,
864,5189,,0.0817703828215599
864,5189,0.012167362496256828,
865,5195,,0.10521732270717621
865,5195,0.012232303619384766,
866,5201,,0.0978875681757927
866,5201,0.014292929321527481,
867,5207,,0.09993190318346024
867,5207,0.013340375386178493,
868,5213,,0.09296627342700958
868,5213,0.014514729380607605,
869,5219,,0.08658009767532349
869,5219,0.013341438956558704,
870,5225,,0.05534355714917183
870,5225,0.012303964234888554,
871,5231,,0.06471841782331467
871,5231,0.014731560833752155,
872,5237,,0.06875281035900116
872,5237,0.012024878524243832,
873,5243,,0.08096624910831451
873,5243,0.011745826341211796,
874,5249,,0.0817369669675827
874,5249,0.012767311185598373,
875,5255,,0.07727057486772537
875,5255,0.011855191551148891,
876,5261,,0.0782829225063324
876,5261,0.011917641386389732,
877,5267,,0.07141129672527313
877,5267,0.011800790205597878,
878,5273,,0.057694803923368454
878,5273,0.013216724619269371,
879,5279,,0.055169589817523956
879,5279,0.012476039119064808,
880,5285,,0.08098888397216797
880,5285,0.015005512163043022,
881,5291,,0.07826743274927139
881,5291,0.012528015300631523,
882,5297,,0.08907052874565125
882,5297,0.012423590756952763,
883,5303,,0.09712373465299606
883,5303,0.013250168412923813,
884,5309,,0.06800778210163116
884,5309,0.012720534577965736,
885,5315,,0.06047457456588745
885,5315,0.013290938921272755,
886,5321,,0.054213810712099075
886,5321,0.012380417436361313,
887,5327,,0.08154720813035965
887,5327,0.012873000465333462,
888,5333,,0.11024634540081024
888,5333,0.012814165093004704,
889,5339,,0.08518040925264359
889,5339,0.013503117486834526,
890,5345,,0.09171931445598602
890,5345,0.012115581892430782,
891,5351,,0.08306651562452316
891,5351,0.014136631041765213,
892,5357,,0.0715542733669281
892,5357,0.014360183849930763,
893,5363,,0.0491582490503788
893,5363,0.014254825189709663,
894,5369,,0.054073117673397064
894,5369,0.013495389372110367,
895,5375,,0.08131518959999084
895,5375,0.012952863238751888,
896,5381,,0.07857106626033783
896,5381,0.012482821010053158,
897,5387,,0.07617158442735672
897,5387,0.012120353057980537,
898,5393,,0.05904693529009819
898,5393,0.011944269761443138,
899,5399,,0.06653367727994919
899,5399,0.013561070896685123,
900,5405,,0.05718410760164261
900,5405,0.012949971482157707,
901,5411,,0.10106183588504791
901,5411,0.013524959795176983,
902,5417,,0.11049369722604752
902,5417,0.013169540092349052,
903,5423,,0.0961628407239914
903,5423,0.013138354755938053,
904,5429,,0.0734049379825592
904,5429,0.011347255669534206,
905,5435,,0.07079902291297913
905,5435,0.01250739861279726,
906,5441,,0.048674020916223526
906,5441,0.014609141275286674,
907,5447,,0.044050317257642746
907,5447,0.01521883811801672,
908,5453,,0.06323625892400742
908,5453,0.01423138938844204,
909,5459,,0.08647378534078598
909,5459,0.012562640942633152,
910,5465,,0.07540611922740936
910,5465,0.01198689267039299,
911,5471,,0.06085320562124252
911,5471,0.012414841912686825,
912,5477,,0.053119152784347534
912,5477,0.013041967526078224,
913,5483,,0.09449699521064758
913,5483,0.013795576989650726,
914,5489,,0.0894814282655716
914,5489,0.013465624302625656,
915,5495,,0.06667964160442352
915,5495,0.012326830066740513,
916,5501,,0.06371767818927765
916,5501,0.013630836270749569,
917,5507,,0.08467820286750793
917,5507,0.013717271387577057,
918,5513,,0.08620220422744751
918,5513,0.012833707965910435,
919,5519,,0.1027412861585617
919,5519,0.01273852027952671,
920,5525,,0.09399417787790298
920,5525,0.014044880867004395,
921,5531,,0.0858401507139206
921,5531,0.013181006535887718,
922,5537,,0.0663221925497055
922,5537,0.011954542249441147,
923,5543,,0.0623999759554863
923,5543,0.013026511296629906,
924,5549,,0.0687393993139267
924,5549,0.012623556889593601,
925,5555,,0.0785619467496872
925,5555,0.01127366628497839,
926,5561,,0.0865635946393013
926,5561,0.011773376725614071,
927,5567,,0.0492723323404789
927,5567,0.011868826113641262,
928,5573,,0.05146711319684982
928,5573,0.014624438248574734,
929,5579,,0.062241263687610626
929,5579,0.01568775624036789,
930,5585,,0.08531595021486282
930,5585,0.015288838185369968,
931,5591,,0.11574874073266983
931,5591,0.01331145130097866,
932,5597,,0.11917941272258759
932,5597,0.014280623756349087,
933,5603,,0.07793912291526794
933,5603,0.012791047804057598,
934,5609,,0.07560707628726959
934,5609,0.012257490307092667,
935,5615,,0.0700661763548851
935,5615,0.012829514220356941,
936,5621,,0.049994196742773056
936,5621,0.013126182369887829,
937,5627,,0.05513394996523857
937,5627,0.014313572086393833,
938,5633,,0.06533194333314896
938,5633,0.013130361214280128,
939,5639,,0.1096036434173584
939,5639,0.013788142241537571,
940,5645,,0.10154281556606293
940,5645,0.0135488947853446,
941,5651,,0.10354878753423691
941,5651,0.012189379893243313,
942,5657,,0.08318433165550232
942,5657,0.014175726100802422,
943,5663,,0.07127225399017334
943,5663,0.012022115290164948,
944,5669,,0.06438393890857697
944,5669,0.012808959931135178,
945,5675,,0.05466090887784958
945,5675,0.01282197330147028,
946,5681,,0.059916846454143524
946,5681,0.013162154704332352,
947,5687,,0.08705894649028778
947,5687,0.014488277025520802,
948,5693,,0.11275297403335571
948,5693,0.013399796560406685,
949,5699,,0.10820649564266205
949,5699,0.014242165721952915,
950,5705,,0.1102365106344223
950,5705,0.013371285982429981,
951,5711,,0.07737206667661667
951,5711,0.012795524671673775,
952,5717,,0.05684230476617813
952,5717,0.012423123233020306,
953,5723,,0.05973946303129196
953,5723,0.012678614817559719,
954,5729,,0.05843482166528702
954,5729,0.012936494313180447,
955,5735,,0.09352106600999832
955,5735,0.013214061968028545,
956,5741,,0.09421020746231079
956,5741,0.012894395738840103,
957,5747,,0.0825335681438446
957,5747,0.01203913800418377,
958,5753,,0.0620807521045208
958,5753,0.013050440698862076,
959,5759,,0.09483204036951065
959,5759,0.012601972557604313,
960,5765,,0.06738024950027466
960,5765,0.012134745717048645,
961,5771,,0.07816946506500244
961,5771,0.01219665165990591,
962,5777,,0.07131460309028625
962,5777,0.011468851938843727,
963,5783,,0.07433445751667023
963,5783,0.012073981575667858,
964,5789,,0.07933899015188217
964,5789,0.012594306841492653,
965,5795,,0.10148247331380844
965,5795,0.012393014505505562,
966,5801,,0.11549512296915054
966,5801,0.013546683825552464,
967,5807,,0.07481233030557632
967,5807,0.012881019152700901,
968,5813,,0.05534438043832779
968,5813,0.01297557633370161,
969,5819,,0.05726661533117294
969,5819,0.012318012304604053,
970,5825,,0.0819971039891243
970,5825,0.014062728732824326,
971,5831,,0.09150880575180054
971,5831,0.013133173808455467,
972,5837,,0.08694539219141006
972,5837,0.012553688138723373,
973,5843,,0.07431269437074661
973,5843,0.012171322479844093,
974,5849,,0.07154355943202972
974,5849,0.012585148215293884,
975,5855,,0.06748698651790619
975,5855,0.012100085616111755,
976,5861,,0.05868014693260193
976,5861,0.012659408152103424,
977,5867,,0.08770493417978287
977,5867,0.012744599021971226,
978,5873,,0.10512133687734604
978,5873,0.01194961741566658,
979,5879,,0.08322148770093918
979,5879,0.01193199958652258,
980,5885,,0.06443832814693451
980,5885,0.011690829880535603,
981,5891,,0.0859340950846672
981,5891,0.012321713380515575,
982,5897,,0.08321323245763779
982,5897,0.01241997443139553,
983,5903,,0.08689191192388535
983,5903,0.01101556234061718,
984,5909,,0.0781271830201149
984,5909,0.013230451382696629,
985,5915,,0.07113416492938995
985,5915,0.012582668103277683,
986,5921,,0.0635593980550766
986,5921,0.014500277116894722,
987,5927,,0.06274716556072235
987,5927,0.014673566445708275,
988,5933,,0.06136525794863701
988,5933,0.01513761281967163,
989,5939,,0.07659175246953964
989,5939,0.017805663868784904,
990,5945,,0.10544727742671967
990,5945,0.014763793908059597,
991,5951,,0.10009096562862396
991,5951,0.016929620876908302,
992,5957,,0.12617138028144836
992,5957,0.016029583290219307,
993,5963,,0.11496659368276596
993,5963,0.015314777381718159,
994,5969,,0.1235916018486023
994,5969,0.014412212185561657,
995,5975,,0.10160766541957855
995,5975,0.014028236269950867,
996,5981,,0.07927346229553223
996,5981,0.01155818346887827,
997,5987,,0.08029083907604218
997,5987,0.012388024479150772,
998,5993,,0.08253646641969681
998,5993,0.012510979548096657,
999,5999,,0.0798235610127449
999,5999,0.011973249725997448,
1000,6005,,0.06414613127708435
1000,6005,0.01187051646411419,
1001,6011,,0.06306444108486176
1001,6011,0.01321004331111908,
1002,6017,,0.06708693504333496
1002,6017,0.01207563653588295,
1003,6023,,0.057457853108644485
1003,6023,0.011907602660357952,
1004,6029,,0.08587542176246643
1004,6029,0.0111983772367239,
1005,6035,,0.0707034021615982
1005,6035,0.012494099326431751,
1006,6041,,0.11000406742095947
1006,6041,0.012180234305560589,
1007,6047,,0.07977993786334991
1007,6047,0.013300798833370209,
1008,6053,,0.0954572781920433
1008,6053,0.012119177728891373,
1009,6059,,0.07825784385204315
1009,6059,0.012685185298323631,
1010,6065,,0.08224773406982422
1010,6065,0.014612429775297642,
1011,6071,,0.06649523228406906
1011,6071,0.013511371798813343,
1012,6077,,0.06722705811262131
1012,6077,0.012310040183365345,
1013,6083,,0.07271035760641098
1013,6083,0.01179579459130764,
1014,6089,,0.07090044021606445
1014,6089,0.012019533663988113,
1015,6095,,0.10942578315734863
1015,6095,0.012465457431972027,
1016,6101,,0.06889618188142776
1016,6101,0.012198607437312603,
1017,6107,,0.06505727022886276
1017,6107,0.011640156619250774,
1018,6113,,0.10072880983352661
1018,6113,0.01205317210406065,
1019,6119,,0.08017901331186295
1019,6119,0.013104591518640518,
1020,6125,,0.06244491785764694
1020,6125,0.011980266310274601,
1021,6131,,0.06330075860023499
1021,6131,0.012500870041549206,
1022,6137,,0.061397384852170944
1022,6137,0.012112824246287346,
1023,6143,,0.0420415997505188
1023,6143,0.013855448924005032,
1024,6149,,0.04672231897711754
1024,6149,0.015874076634645462,
1025,6155,,0.05393756553530693
1025,6155,0.014241566881537437,
1026,6161,,0.04890521615743637
1026,6161,0.012189643457531929,
1027,6167,,0.04760138317942619
1027,6167,0.014392878860235214,
1028,6173,,0.058117352426052094
1028,6173,0.013543793931603432,
1029,6179,,0.06665854901075363
1029,6179,0.012634361162781715,
1030,6185,,0.07387752085924149
1030,6185,0.012944049201905727,
1031,6191,,0.08589860796928406
1031,6191,0.012047280557453632,
1032,6197,,0.09829381108283997
1032,6197,0.012090603820979595,
1033,6203,,0.10068023204803467
1033,6203,0.012463067658245564,
1034,6209,,0.10523603856563568
1034,6209,0.013901783153414726,
1035,6215,,0.095648393034935
1035,6215,0.014766905456781387,
1036,6221,,0.1174805536866188
1036,6221,0.014584081247448921,
1037,6227,,0.09817399084568024
1037,6227,0.015000064857304096,
1038,6233,,0.08273671567440033
1038,6233,0.012874058447778225,
1039,6239,,0.08474238961935043
1039,6239,0.01386374793946743,
1040,6245,,0.076913021504879
1040,6245,0.011657175607979298,
1041,6251,,0.08235616236925125
1041,6251,0.012334414757788181,
1042,6257,,0.07211605459451675
1042,6257,0.012035494670271873,
1043,6263,,0.07559943199157715
1043,6263,0.012337439693510532,
1044,6269,,0.06894775480031967
1044,6269,0.013295422308146954,
1045,6275,,0.08817095309495926
1045,6275,0.012457584030926228,
1046,6281,,0.08719085156917572
1046,6281,0.012084299698472023,
1047,6287,,0.06758905947208405
1047,6287,0.012729219160974026,
1048,6293,,0.07287376374006271
1048,6293,0.012432784773409367,
1049,6299,,0.07375991344451904
1049,6299,0.0122829619795084,
1050,6305,,0.05926515907049179
1050,6305,0.012148729525506496,
1051,6311,,0.07253674417734146
1051,6311,0.011583102867007256,
1052,6317,,0.07996034622192383
1052,6317,0.011905485764145851,
1053,6323,,0.08794193714857101
1053,6323,0.012055042199790478,
1054,6329,,0.09701097756624222
1054,6329,0.012409582734107971,
1055,6335,,0.08283691853284836
1055,6335,0.012232394888997078,
1056,6341,,0.07278233766555786
1056,6341,0.011475802399218082,
1057,6347,,0.07967757433652878
1057,6347,0.011545265093445778,
1058,6353,,0.07157564163208008
1058,6353,0.01195752713829279,
1059,6359,,0.08361301571130753
1059,6359,0.011839804239571095,
1060,6365,,0.08874314278364182
1060,6365,0.011752035468816757,
1061,6371,,0.053292520344257355
1061,6371,0.01118673849850893,
1062,6377,,0.0749654546380043
1062,6377,0.012953012250363827,
1063,6383,,0.07323861122131348
1063,6383,0.011794045567512512,
1064,6389,,0.08488535135984421
1064,6389,0.0120542012155056,
1065,6395,,0.06661991775035858
1065,6395,0.013092507608234882,
1066,6401,,0.07402358949184418
1066,6401,0.012108959257602692,
1067,6407,,0.060812484472990036
1067,6407,0.012579848058521748,
1068,6413,,0.05196303874254227
1068,6413,0.012388603761792183,
1069,6419,,0.055115748196840286
1069,6419,0.012000630609691143,
1070,6425,,0.08179903030395508
1070,6425,0.011455372907221317,
1071,6431,,0.0981079712510109
1071,6431,0.011358610354363918,
1072,6437,,0.11664062738418579
1072,6437,0.012565527111291885,
1073,6443,,0.10034886747598648
1073,6443,0.01333514042198658,
1074,6449,,0.09299296885728836
1074,6449,0.01260694395750761,
1075,6455,,0.08782589435577393
1075,6455,0.012863406911492348,
1076,6461,,0.05095335841178894
1076,6461,0.012704338878393173,
1077,6467,,0.06751930713653564
1077,6467,0.01233750581741333,
1078,6473,,0.06651166081428528
1078,6473,0.011632697656750679,
1079,6479,,0.0640636757016182
1079,6479,0.01320530567318201,
1080,6485,,0.06284597516059875
1080,6485,0.013010949827730656,
1081,6491,,0.08391209691762924
1081,6491,0.012394747696816921,
1082,6497,,0.05873901769518852
1082,6497,0.012124660424888134,
1083,6503,,0.08698790520429611
1083,6503,0.012084330432116985,
1084,6509,,0.09470027685165405
1084,6509,0.01261628232896328,
1085,6515,,0.07323292642831802
1085,6515,0.012133965268731117,
1086,6521,,0.11962902545928955
1086,6521,0.01102699339389801,
1087,6527,,0.13326580822467804
1087,6527,0.013827619142830372,
1088,6533,,0.10418015718460083
1088,6533,0.01605229824781418,
1089,6539,,0.09623220562934875
1089,6539,0.012507536448538303,
1090,6545,,0.07495194673538208
1090,6545,0.011964898556470871,
1091,6551,,0.09560576826334
1091,6551,0.012328749522566795,
1092,6557,,0.0983813926577568
1092,6557,0.01171622984111309,
1093,6563,,0.07723870128393173
1093,6563,0.012639635242521763,
1094,6569,,0.0802055075764656
1094,6569,0.01154011394828558,
1095,6575,,0.07757385075092316
1095,6575,0.01199932862073183,
1096,6581,,0.10619153827428818
1096,6581,0.012430991046130657,
1097,6587,,0.11223028600215912
1097,6587,0.014498182572424412,
1098,6593,,0.11158110946416855
1098,6593,0.013743839226663113,
1099,6599,,0.10675226151943207
1099,6599,0.013888915069401264,
1100,6605,,0.11424251645803452
1100,6605,0.014830024912953377,
1101,6611,,0.10097454488277435
1101,6611,0.01614147052168846,
1102,6617,,0.12962369620800018
1102,6617,0.013554704375565052,
1103,6623,,0.1416936218738556
1103,6623,0.01592492312192917,
1104,6629,,0.10891839116811752
1104,6629,0.015249268151819706,
1105,6635,,0.10815097391605377
1105,6635,0.013002995401620865,
1106,6641,,0.09248153120279312
1106,6641,0.013156615197658539,
1107,6647,,0.10786841064691544
1107,6647,0.012618268840014935,
1108,6653,,0.09336879849433899
1108,6653,0.01316757034510374,
1109,6659,,0.10168206691741943
1109,6659,0.011797751300036907,
1110,6665,,0.06557536125183105
1110,6665,0.011759186163544655,
1111,6671,,0.056043218821287155
1111,6671,0.01278150174766779,
1112,6677,,0.0637039989233017
1112,6677,0.013211683370172977,
1113,6683,,0.059695273637771606
1113,6683,0.011941769160330296,
1114,6689,,0.056688882410526276
1114,6689,0.013355073519051075,
1115,6695,,0.05621274188160896
1115,6695,0.011405596509575844,
1116,6701,,0.0723133459687233
1116,6701,0.012213966809213161,
1117,6707,,0.06371145695447922
1117,6707,0.012528306804597378,
1118,6713,,0.04585863649845123
1118,6713,0.01374797336757183,
1119,6719,,0.04670959711074829
1119,6719,0.01444506086409092,
1120,6725,,0.0794527530670166
1120,6725,0.012412691488862038,
1121,6731,,0.07509957253932953
1121,6731,0.011814290657639503,
1122,6737,,0.0608779713511467
1122,6737,0.012270658276975155,
1123,6743,,0.05067039281129837
1123,6743,0.011549259535968304,
1124,6749,,0.06516615301370621
1124,6749,0.012678195722401142,
1125,6755,,0.07970507442951202
1125,6755,0.013115913607180119,
1126,6761,,0.06990081071853638
1126,6761,0.012309861369431019,
1127,6767,,0.09319299459457397
1127,6767,0.011714164167642593,
1128,6773,,0.08901845663785934
1128,6773,0.011835659854114056,
1129,6779,,0.0892794281244278
1129,6779,0.012527619488537312,
1130,6785,,0.09123218804597855
1130,6785,0.012800301425158978,
1131,6791,,0.07646984606981277
1131,6791,0.011532335542142391,
1132,6797,,0.10235108435153961
1132,6797,0.012475230731070042,
1133,6803,,0.09065009653568268
1133,6803,0.015401284210383892,
1134,6809,,0.09434518218040466
1134,6809,0.012370573356747627,
1135,6815,,0.09487613290548325
1135,6815,0.01421170774847269,
1136,6821,,0.08231598883867264
1136,6821,0.01205157395452261,
1137,6827,,0.05972573906183243
1137,6827,0.012760661542415619,
1138,6833,,0.059029437601566315
1138,6833,0.01304714847356081,
1139,6839,,0.06483291834592819
1139,6839,0.011290171183645725,
1140,6845,,0.07275674492120743
1140,6845,0.012104900553822517,
1141,6851,,0.060997165739536285
1141,6851,0.012494435533881187,
1142,6857,,0.06556779146194458
1142,6857,0.013858967460691929,
1143,6863,,0.0842832550406456
1143,6863,0.015125306323170662,
1144,6869,,0.08433875441551208
1144,6869,0.012012897990643978,
1145,6875,,0.07275934517383575
1145,6875,0.012632107362151146,
1146,6881,,0.08461958914995193
1146,6881,0.01128475833684206,
1147,6887,,0.11213145405054092
1147,6887,0.011535855010151863,
1148,6893,,0.09492503106594086
1148,6893,0.014088643714785576,
1149,6899,,0.11384113132953644
1149,6899,0.012762922793626785,
1150,6905,,0.10017494857311249
1150,6905,0.016859181225299835,
1151,6911,,0.09595870226621628
1151,6911,0.01384663488715887,
1152,6917,,0.09130547940731049
1152,6917,0.015368304215371609,
1153,6923,,0.10024116188287735
1153,6923,0.013900826685130596,
1154,6929,,0.09615607559680939
1154,6929,0.012486194260418415,
1155,6935,,0.1084381565451622
1155,6935,0.0124454814940691,
1156,6941,,0.1432906836271286
1156,6941,0.014299898408353329,
1157,6947,,0.11380304396152496
1157,6947,0.015782667323946953,
1158,6953,,0.09022395312786102
1158,6953,0.012504283338785172,
1159,6959,,0.07752732932567596
1159,6959,0.013045071624219418,
1160,6965,,0.06991489231586456
1160,6965,0.014872423373162746,
1161,6971,,0.08991443365812302
1161,6971,0.014958609826862812,
1162,6977,,0.07925411313772202
1162,6977,0.013786518946290016,
1163,6983,,0.07675273716449738
1163,6983,0.012953788973391056,
1164,6989,,0.07522905617952347
1164,6989,0.012334358878433704,
1165,6995,,0.051832396537065506
1165,6995,0.01115177571773529,
1166,7001,,0.061291296035051346
1166,7001,0.013792957179248333,
1167,7007,,0.0814373791217804
1167,7007,0.012125779874622822,
1168,7013,,0.060680486261844635
1168,7013,0.012748466804623604,
1169,7019,,0.08841787278652191
1169,7019,0.012769856490194798,
1170,7025,,0.09978433698415756
1170,7025,0.01295554731041193,
1171,7031,,0.08418769389390945
1171,7031,0.012939720414578915,
1172,7037,,0.06330540031194687
1172,7037,0.013307214714586735,
1173,7043,,0.06761450320482254
1173,7043,0.012079214677214622,
1174,7049,,0.07917429506778717
1174,7049,0.011734734289348125,
1175,7055,,0.09485884010791779
1175,7055,0.01269678957760334,
1176,7061,,0.08825629204511642
1176,7061,0.011075202375650406,
1177,7067,,0.08152702450752258
1177,7067,0.011866817250847816,
1178,7073,,0.06396394222974777
1178,7073,0.011626002378761768,
1179,7079,,0.07114247977733612
1179,7079,0.011427841149270535,
1180,7085,,0.07967149466276169
1180,7085,0.011078140698373318,
1181,7091,,0.08075883239507675
1181,7091,0.01113094761967659,
1182,7097,,0.12451852858066559
1182,7097,0.012729329988360405,
1183,7103,,0.07905817776918411
1183,7103,0.013253405690193176,
1184,7109,,0.05287196487188339
1184,7109,0.011581514030694962,
1185,7115,,0.05232943221926689
1185,7115,0.013397546485066414,
1186,7121,,0.04164615273475647
1186,7121,0.013078507967293262,
1187,7127,,0.057289768010377884
1187,7127,0.012482620775699615,
1188,7133,,0.06600991636514664
1188,7133,0.012569038197398186,
1189,7139,,0.07617233693599701
1189,7139,0.01275423914194107,
1190,7145,,0.09971097856760025
1190,7145,0.011873791925609112,
1191,7151,,0.08738890290260315
1191,7151,0.011789948679506779,
1192,7157,,0.0632132962346077
1192,7157,0.011128319427371025,
1193,7163,,0.06111573055386543
1193,7163,0.012146626599133015,
1194,7169,,0.055894382297992706
1194,7169,0.012322702445089817,
1195,7175,,0.06872175633907318
1195,7175,0.01125048566609621,
1196,7181,,0.06870165467262268
1196,7181,0.011693031527101994,
1197,7187,,0.06082962825894356
1197,7187,0.011714324355125427,
1198,7193,,0.06531994044780731
1198,7193,0.011042113415896893,
1199,7199,,0.06048935651779175
1199,7199,0.013069883920252323,
1200,7205,,0.04688926041126251
1200,7205,0.014127968810498714,
1201,7211,,0.049107734113931656
1201,7211,0.014868579804897308,
1202,7217,,0.03795025125145912
1202,7217,0.015636855736374855,
1203,7223,,0.05720935016870499
1203,7223,0.01704999804496765,
1204,7229,,0.07543143630027771
1204,7229,0.013987124897539616,
1205,7235,,0.08741945773363113
1205,7235,0.012866088189184666,
1206,7241,,0.08583863079547882
1206,7241,0.011992455460131168,
1207,7247,,0.10976962745189667
1207,7247,0.01118037011474371,
1208,7253,,0.09924992173910141
1208,7253,0.012543207965791225,
1209,7259,,0.0813295766711235
1209,7259,0.012246652506291866,
1210,7265,,0.05593914911150932
1210,7265,0.011691912077367306,
1211,7271,,0.07540496438741684
1211,7271,0.012146388180553913,
1212,7277,,0.08552265912294388
1212,7277,0.011491012759506702,
1213,7283,,0.09051968902349472
1213,7283,0.012519476003944874,
1214,7289,,0.08542359620332718
1214,7289,0.011548204347491264,
1215,7295,,0.09643194824457169
1215,7295,0.0123823843896389,
1216,7301,,0.06483421474695206
1216,7301,0.01165811251848936,
1217,7307,,0.06524677574634552
1217,7307,0.011200942099094391,
1218,7313,,0.06721116602420807
1218,7313,0.01184844970703125,
1219,7319,,0.0532870814204216
1219,7319,0.012092988938093185,
1220,7325,,0.04858941584825516
1220,7325,0.012738105840981007,
1221,7331,,0.04415774345397949
1221,7331,0.013396576046943665,
1222,7337,,0.050359200686216354
1222,7337,0.014776509255170822,
1223,7343,,0.05144692584872246
1223,7343,0.012718220241367817,
1224,7349,,0.054772280156612396
1224,7349,0.012656268663704395,
1225,7355,,0.0713597908616066
1225,7355,0.012208506464958191,
1226,7361,,0.08611233532428741
1226,7361,0.011739348992705345,
1227,7367,,0.07636131346225739
1227,7367,0.011220904067158699,
1228,7373,,0.07224820554256439
1228,7373,0.010873055085539818,
1229,7379,,0.05880459398031235
1229,7379,0.012886256910860538,
1230,7385,,0.04104658216238022
1230,7385,0.013836144469678402,
1231,7391,,0.06155680865049362
1231,7391,0.014722224324941635,
1232,7397,,0.07401350885629654
1232,7397,0.012122967280447483,
1233,7403,,0.06912188231945038
1233,7403,0.01159369945526123,
1234,7409,,0.046779606491327286
1234,7409,0.011532869189977646,
1235,7415,,0.054445572197437286
1235,7415,0.013170170597732067,
1236,7421,,0.0525900237262249
1236,7421,0.012013033963739872,
1237,7427,,0.08927171677350998
1237,7427,0.012260536663234234,
1238,7433,,0.07572203874588013
1238,7433,0.011611970141530037,
1239,7439,,0.05524594709277153
1239,7439,0.01114097610116005,
1240,7445,,0.06417916715145111
1240,7445,0.011598840355873108,
1241,7451,,0.07837153971195221
1241,7451,0.010882084257900715,
1242,7457,,0.1229362040758133
1242,7457,0.01163425575941801,
1243,7463,,0.11125117540359497
1243,7463,0.014517221599817276,
1244,7469,,0.08056797832250595
1244,7469,0.014399094507098198,
1245,7475,,0.09439077973365784
1245,7475,0.01178946066647768,
1246,7481,,0.08133015781641006
1246,7481,0.013260687701404095,
1247,7487,,0.056112878024578094
1247,7487,0.012143985368311405,
1248,7493,,0.07132075726985931
1248,7493,0.01211476232856512,
1249,7499,,0.09298520535230637
1249,7499,0.011869947426021099,
1250,7505,,0.11445017158985138
1250,7505,0.01258072443306446,
1251,7511,,0.09759337455034256
1251,7511,0.01363558229058981,
1252,7517,,0.11229808628559113
1252,7517,0.011520740576088428,
1253,7523,,0.08316517621278763
1253,7523,0.01297065056860447,
1254,7529,,0.08180157840251923
1254,7529,0.012418019585311413,
1255,7535,,0.07616256177425385
1255,7535,0.011001255363225937,
1256,7541,,0.057126425206661224
1256,7541,0.012033028528094292,
1257,7547,,0.053879447281360626
1257,7547,0.011847512796521187,
1258,7553,,0.055722691118717194
1258,7553,0.012450491078197956,
1259,7559,,0.04944095388054848
1259,7559,0.011690338142216206,
1260,7565,,0.08145280927419662
1260,7565,0.012447910383343697,
1261,7571,,0.08242431282997131
1261,7571,0.011756050400435925,
1262,7577,,0.05069664865732193
1262,7577,0.012911046855151653,
1263,7583,,0.055588435381650925
1263,7583,0.01114767137914896,
1264,7589,,0.06297262758016586
1264,7589,0.0133703937754035,
1265,7595,,0.06472508609294891
1265,7595,0.012400822713971138,
1266,7601,,0.08174530416727066
1266,7601,0.01295468769967556,
1267,7607,,0.08802973479032516
1267,7607,0.011687692254781723,
1268,7613,,0.08425401896238327
1268,7613,0.012915966100990772,
1269,7619,,0.0765543058514595
1269,7619,0.012185320258140564,
1270,7625,,0.07784146070480347
1270,7625,0.010837367735803127,
1271,7631,,0.10013911873102188
1271,7631,0.011109965853393078,
1272,7637,,0.09064634144306183
1272,7637,0.012612699531018734,
1273,7643,,0.08178979158401489
1273,7643,0.0122129637748003,
1274,7649,,0.06782812625169754
1274,7649,0.011124083772301674,
1275,7655,,0.06591787934303284
1275,7655,0.011406268924474716,
1276,7661,,0.0708218589425087
1276,7661,0.011286468245089054,
1277,7667,,0.06900710612535477
1277,7667,0.011575313284993172,
1278,7673,,0.08207682520151138
1278,7673,0.012339359149336815,
1279,7679,,0.08960175514221191
1279,7679,0.011088861152529716,
1280,7685,,0.0856604129076004
1280,7685,0.011546815745532513,
1281,7691,,0.08716824650764465
1281,7691,0.011682017706334591,
1282,7697,,0.05643072724342346
1282,7697,0.011819014325737953,
1283,7703,,0.03748819977045059
1283,7703,0.012046992778778076,
1284,7709,,0.04279523342847824
1284,7709,0.01471973117440939,
1285,7715,,0.04938126355409622
1285,7715,0.014851454645395279,
1286,7721,,0.04310491681098938
1286,7721,0.0141852842643857,
1287,7727,,0.041520461440086365
1287,7727,0.013113611377775669,
1288,7733,,0.06327961385250092
1288,7733,0.015374766662716866,
1289,7739,,0.0727425366640091
1289,7739,0.012620953842997551,
1290,7745,,0.1073552593588829
1290,7745,0.012071649543941021,
1291,7751,,0.09666162729263306
1291,7751,0.013378915376961231,
1292,7757,,0.093108631670475
1292,7757,0.012695707380771637,
1293,7763,,0.07609163969755173
1293,7763,0.010456104762852192,
1294,7769,,0.08037683367729187
1294,7769,0.011112977750599384,
1295,7775,,0.08741609752178192
1295,7775,0.010898263193666935,
1296,7781,,0.08063042163848877
1296,7781,0.011027855798602104,
1297,7787,,0.09294368326663971
1297,7787,0.011807669885456562,
1298,7793,,0.08594982326030731
1298,7793,0.012171403504908085,
1299,7799,,0.08047933876514435
1299,7799,0.01206187717616558,
1300,7805,,0.11673092842102051
1300,7805,0.01250124629586935,
1301,7811,,0.13292816281318665
1301,7811,0.015364517457783222,
1302,7817,,0.10860036313533783
1302,7817,0.015461819246411324,
1303,7823,,0.10498084127902985
1303,7823,0.012227818369865417,
1304,7829,,0.0862535610795021
1304,7829,0.01319240964949131,
1305,7835,,0.0437529981136322
1305,7835,0.011564145796000957,
1306,7841,,0.056231845170259476
1306,7841,0.01274925097823143,
1307,7847,,0.06474561244249344
1307,7847,0.011828429065644741,
1308,7853,,0.05002062767744064
1308,7853,0.011703397147357464,
1309,7859,,0.05969131737947464
1309,7859,0.012549029663205147,
1310,7865,,0.06114428490400314
1310,7865,0.012239397503435612,
1311,7871,,0.05818301439285278
1311,7871,0.011516768485307693,
1312,7877,,0.06043846160173416
1312,7877,0.011509334668517113,
1313,7883,,0.04143020510673523
1313,7883,0.012343327514827251,
1314,7889,,0.05916348099708557
1314,7889,0.012102664448320866,
1315,7895,,0.05618348717689514
1315,7895,0.012623470276594162,
1316,7901,,0.07491666823625565
1316,7901,0.011299439705908298,
1317,7907,,0.08271387219429016
1317,7907,0.011055365204811096,
1318,7913,,0.060598522424697876
1318,7913,0.011351237073540688,
1319,7919,,0.06897357851266861
1319,7919,0.01106070913374424,
1320,7925,,0.06206321716308594
1320,7925,0.011235324665904045,
1321,7931,,0.06461580097675323
1321,7931,0.011014001443982124,
1322,7937,,0.07275203615427017
1322,7937,0.010732472874224186,
1323,7943,,0.0626751109957695
1323,7943,0.01061005238443613,
1324,7949,,0.050308287143707275
1324,7949,0.011319784447550774,
1325,7955,,0.054336678236722946
1325,7955,0.0113817835226655,
1326,7961,,0.05211835354566574
1326,7961,0.011944827623665333,
1327,7967,,0.06525099277496338
1327,7967,0.012177414260804653,
1328,7973,,0.06893681734800339
1328,7973,0.011518648825585842,
1329,7979,,0.05352222919464111
1329,7979,0.01029668003320694,
1330,7985,,0.06251956522464752
1330,7985,0.012119860388338566,
1331,7991,,0.08966858685016632
1331,7991,0.012613308615982533,
1332,7997,,0.08177343010902405
1332,7997,0.01220692414790392,
1333,8003,,0.08496950566768646
1333,8003,0.010670321062207222,
1334,8009,,0.10106315463781357
1334,8009,0.010991858318448067,
1335,8015,,0.10978104174137115
1335,8015,0.01288565807044506,
1336,8021,,0.119744673371315
1336,8021,0.012354074977338314,
1337,8027,,0.11705504357814789
1337,8027,0.01469916757196188,
1338,8033,,0.09231565147638321
1338,8033,0.012723729014396667,
1339,8039,,0.10512550175189972
1339,8039,0.013991703279316425,
1340,8045,,0.11094456911087036
1340,8045,0.013079190626740456,
1341,8051,,0.1099928617477417
1341,8051,0.012518349103629589,
1342,8057,,0.11522932350635529
1342,8057,0.013014132156968117,
1343,8063,,0.11430171877145767
1343,8063,0.012198997661471367,
1344,8069,,0.09786650538444519
1344,8069,0.012537671253085136,
1345,8075,,0.06544773280620575
1345,8075,0.011785437352955341,
1346,8081,,0.07392720133066177
1346,8081,0.012649432756006718,
1347,8087,,0.09811776131391525
1347,8087,0.011052990332245827,
1348,8093,,0.07359668612480164
1348,8093,0.013332078233361244,
1349,8099,,0.06742577999830246
1349,8099,0.012354180216789246,
1350,8105,,0.03909391537308693
1350,8105,0.013477489352226257,
1351,8111,,0.03932223096489906
1351,8111,0.014407120645046234,
1352,8117,,0.04020440950989723
1352,8117,0.01497624721378088,
1353,8123,,0.044225431978702545
1353,8123,0.016190452501177788,
1354,8129,,0.050223756581544876
1354,8129,0.012413988821208477,
1355,8135,,0.06146873161196709
1355,8135,0.012338120490312576,
1356,8141,,0.0780695229768753
1356,8141,0.012528026476502419,
1357,8147,,0.07960551977157593
1357,8147,0.011272420175373554,
1358,8153,,0.07938504219055176
1358,8153,0.011631100438535213,
1359,8159,,0.07241180539131165
1359,8159,0.011232605203986168,
1360,8165,,0.11644397675991058
1360,8165,0.011137178167700768,
1361,8171,,0.09000871330499649
1361,8171,0.013472448103129864,
1362,8177,,0.07460857927799225
1362,8177,0.011095264926552773,
1363,8183,,0.10496506839990616
1363,8183,0.011266956105828285,
1364,8189,,0.11503051221370697
1364,8189,0.01246711052954197,
1365,8195,,0.11463532596826553
1365,8195,0.012743137776851654,
1366,8201,,0.09961319714784622
1366,8201,0.015018726699054241,
1367,8207,,0.09053705632686615
1367,8207,0.011936631053686142,
1368,8213,,0.11890963464975357
1368,8213,0.011325948871672153,
1369,8219,,0.1252739131450653
1369,8219,0.013853044249117374,
1370,8225,,0.12635603547096252
1370,8225,0.014763806015253067,
1371,8231,,0.12712892889976501
1371,8231,0.013960633426904678,
1372,8237,,0.07843229174613953
1372,8237,0.014522493816912174,
1373,8243,,0.06414031237363815
1373,8243,0.011458193883299828,
1374,8249,,0.07813923805952072
1374,8249,0.01078999973833561,
1375,8255,,0.09609758108854294
1375,8255,0.011314043775200844,
1376,8261,,0.1033424362540245
1376,8261,0.011556531302630901,
1377,8267,,0.12002930790185928
1377,8267,0.01218766625970602,
1378,8273,,0.1400810182094574
1378,8273,0.015032535418868065,
1379,8279,,0.13167905807495117
1379,8279,0.016658147796988487,
1380,8285,,0.11032380163669586
1380,8285,0.014993726275861263,
1381,8291,,0.08583283424377441
1381,8291,0.011457175947725773,
1382,8297,,0.08640370517969131
1382,8297,0.01124238409101963,
1383,8303,,0.0704791471362114
1383,8303,0.010616127401590347,
1384,8309,,0.052660297602415085
1384,8309,0.0105364378541708,
1385,8315,,0.06580182164907455
1385,8315,0.010307653807103634,
1386,8321,,0.08508235961198807
1386,8321,0.011056561022996902,
1387,8327,,0.09317859262228012
1387,8327,0.012176686897873878,
1388,8333,,0.08825339376926422
1388,8333,0.012355911545455456,
1389,8339,,0.07606323063373566
1389,8339,0.011354553513228893,
1390,8345,,0.078046053647995
1390,8345,0.011176075786352158,
1391,8351,,0.08569193631410599
1391,8351,0.011916197836399078,
1392,8357,,0.09999746084213257
1392,8357,0.010827622376382351,
1393,8363,,0.0810801088809967
1393,8363,0.011817068792879581,
1394,8369,,0.0817238986492157
1394,8369,0.011493663303554058,
1395,8375,,0.09854207187891006
1395,8375,0.0133594935759902,
1396,8381,,0.0735572800040245
1396,8381,0.012280510738492012,
1397,8387,,0.08070357888936996
1397,8387,0.01077303383499384,
1398,8393,,0.0888219028711319
1398,8393,0.011678118258714676,
1399,8399,,0.09927564859390259
1399,8399,0.011847859248518944,
1400,8405,,0.08977227658033371
1400,8405,0.011217093095183372,
1401,8411,,0.0942554920911789
1401,8411,0.011422181501984596,
1402,8417,,0.08897817134857178
1402,8417,0.011293868534266949,
1403,8423,,0.08147531002759933
1403,8423,0.011634140275418758,
1404,8429,,0.0703817680478096
1404,8429,0.01159149780869484,
1405,8435,,0.07475196570158005
1405,8435,0.011120837181806564,
1406,8441,,0.07268961519002914
1406,8441,0.010489397682249546,
1407,8447,,0.05315961688756943
1407,8447,0.011022273451089859,
1408,8453,,0.06556294113397598
1408,8453,0.011439736932516098,
1409,8459,,0.07992812246084213
1409,8459,0.010462761856615543,
1410,8465,,0.06846335530281067
1410,8465,0.011607647873461246,
1411,8471,,0.0733993649482727
1411,8471,0.010557085275650024,
1412,8477,,0.053489066660404205
1412,8477,0.010559512302279472,
1413,8483,,0.058383285999298096
1413,8483,0.011883538216352463,
1414,8489,,0.05710240453481674
1414,8489,0.011148192919790745,
1415,8495,,0.06384201347827911
1415,8495,0.011706857942044735,
1416,8501,,0.06602904945611954
1416,8501,0.011225920170545578,
1417,8507,,0.06072249263525009
1417,8507,0.010969238355755806,
1418,8513,,0.06859984993934631
1418,8513,0.011074092239141464,
1419,8519,,0.061406057327985764
1419,8519,0.010553287342190742,
1420,8525,,0.095260851085186
1420,8525,0.011082326993346214,
1421,8531,,0.11588219553232193
1421,8531,0.0117504196241498,
1422,8537,,0.09765984863042831
1422,8537,0.0135407205671072,
1423,8543,,0.08040159195661545
1423,8543,0.012206225655972958,
1424,8549,,0.09354634582996368
1424,8549,0.010542299598455429,
1425,8555,,0.083670973777771
1425,8555,0.01110180001705885,
1426,8561,,0.07309987396001816
1426,8561,0.010651550255715847,
1427,8567,,0.06573190540075302
1427,8567,0.012447550892829895,
1428,8573,,0.05134492367506027
1428,8573,0.01209473516792059,
1429,8579,,0.045175258070230484
1429,8579,0.014407409355044365,
1430,8585,,0.0405532643198967
1430,8585,0.011331677436828613,
1431,8591,,0.05669350177049637
1431,8591,0.013793609105050564,
1432,8597,,0.04651273041963577
1432,8597,0.011156333610415459,
1433,8603,,0.05183986946940422
1433,8603,0.01223002653568983,
1434,8609,,0.037399791181087494
1434,8609,0.013813347555696964,
1435,8615,,0.03940283879637718
1435,8615,0.013465335592627525,
1436,8621,,0.04234940558671951
1436,8621,0.01241263933479786,
1437,8627,,0.04349896311759949
1437,8627,0.012347185984253883,
1438,8633,,0.08421222865581512
1438,8633,0.011552151292562485,
1439,8639,,0.08669233322143555
1439,8639,0.011262486688792706,
1440,8645,,0.08183179795742035
1440,8645,0.011290553957223892,
1441,8651,,0.07387757301330566
1441,8651,0.010939556173980236,
1442,8657,,0.07222763448953629
1442,8657,0.011548924259841442,
1443,8663,,0.08666405081748962
1443,8663,0.010897325351834297,
1444,8669,,0.08075634390115738
1444,8669,0.010932588949799538,
1445,8675,,0.06388956308364868
1445,8675,0.01010236144065857,
1446,8681,,0.07246915251016617
1446,8681,0.011224929243326187,
1447,8687,,0.08209428936243057
1447,8687,0.010901616886258125,
1448,8693,,0.07854070514440536
1448,8693,0.01104926411062479,
1449,8699,,0.08113615214824677
1449,8699,0.010676613077521324,
1450,8705,,0.07051032781600952
1450,8705,0.010748980566859245,
1451,8711,,0.08233834058046341
1451,8711,0.010962127707898617,
1452,8717,,0.07135158032178879
1452,8717,0.010273441672325134,
1453,8723,,0.08866992592811584
1453,8723,0.012498626485466957,
1454,8729,,0.10034588724374771
1454,8729,0.011898922733962536,
1455,8735,,0.07265433669090271
1455,8735,0.01216081902384758,
1456,8741,,0.07134506106376648
1456,8741,0.011291739530861378,
1457,8747,,0.059094637632369995
1457,8747,0.012463293969631195,
1458,8753,,0.05182319134473801
1458,8753,0.012704947032034397,
1459,8759,,0.07702288031578064
1459,8759,0.01178647018969059,
1460,8765,,0.05396872013807297
1460,8765,0.011256108991801739,
1461,8771,,0.05626394599676132
1461,8771,0.012297024019062519,
1462,8777,,0.07578667253255844
1462,8777,0.011516997590661049,
1463,8783,,0.08570035547018051
1463,8783,0.011761825531721115,
1464,8789,,0.07236701250076294
1464,8789,0.011072647757828236,
1465,8795,,0.07077010720968246
1465,8795,0.010480137541890144,
1466,8801,,0.06955696642398834
1466,8801,0.012693304568529129,
1467,8807,,0.07955477386713028
1467,8807,0.012085208669304848,
1468,8813,,0.1061645969748497
1468,8813,0.01432105153799057,
1469,8819,,0.09673478454351425
1469,8819,0.013268587179481983,
1470,8825,,0.08782872557640076
1470,8825,0.011252232827246189,
1471,8831,,0.08789366483688354
1471,8831,0.011864800937473774,
1472,8837,,0.09623518586158752
1472,8837,0.011488214135169983,
1473,8843,,0.10111968219280243
1473,8843,0.01147445198148489,
1474,8849,,0.07372801750898361
1474,8849,0.012591983191668987,
1475,8855,,0.07934505492448807
1475,8855,0.011176071129739285,
1476,8861,,0.07348056137561798
1476,8861,0.011066248640418053,
1477,8867,,0.06974229961633682
1477,8867,0.011186591349542141,
1478,8873,,0.09987493604421616
1478,8873,0.010758187621831894,
1479,8879,,0.07710421085357666
1479,8879,0.012551194056868553,
1480,8885,,0.07464339584112167
1480,8885,0.010838793590664864,
1481,8891,,0.0720338523387909
1481,8891,0.010727462358772755,
1482,8897,,0.10000498592853546
1482,8897,0.010496983304619789,
1483,8903,,0.08826819062232971
1483,8903,0.011479176580905914,
1484,8909,,0.08657462149858475
1484,8909,0.010771630331873894,
1485,8915,,0.06997040659189224
1485,8915,0.01095377653837204,
1486,8921,,0.05412612482905388
1486,8921,0.010243079625070095,
1487,8927,,0.05686671659350395
1487,8927,0.010691427625715733,
1488,8933,,0.052513908594846725
1488,8933,0.011296114884316921,
1489,8939,,0.065530925989151
1489,8939,0.012995287775993347,
1490,8945,,0.07336525619029999
1490,8945,0.011120020411908627,
1491,8951,,0.0866890624165535
1491,8951,0.010981211438775063,
1492,8957,,0.09409477561712265
1492,8957,0.012309343554079533,
1493,8963,,0.08491639047861099
1493,8963,0.01183184515684843,
1494,8969,,0.07212959975004196
1494,8969,0.011571211740374565,
1495,8975,,0.05135463923215866
1495,8975,0.011132732033729553,
1496,8981,,0.041533637791872025
1496,8981,0.012158714234828949,
1497,8987,,0.03271258622407913
1497,8987,0.013823145069181919,
1498,8993,,0.05140324681997299
1498,8993,0.016594169661402702,
1499,8999,,0.047200873494148254
1499,8999,0.011623179540038109,
1500,9005,,0.039909765124320984
1500,9005,0.013176960870623589,
1501,9011,,0.04839387163519859
1501,9011,0.01231522299349308,
1502,9017,,0.049511075019836426
1502,9017,0.011107436381280422,
1503,9023,,0.05152193829417229
1503,9023,0.013148495927453041,
1504,9029,,0.04643624275922775
1504,9029,0.011045928113162518,
1505,9035,,0.05022487789392471
1505,9035,0.011253793723881245,
1506,9041,,0.060759078711271286
1506,9041,0.011619065888226032,
1507,9047,,0.059520423412323
1507,9047,0.011601090431213379,
1508,9053,,0.06848836690187454
1508,9053,0.011581840924918652,
1509,9059,,0.09007702767848969
1509,9059,0.011596313677728176,
1510,9065,,0.09873951971530914
1510,9065,0.010435432195663452,
1511,9071,,0.0780789703130722
1511,9071,0.011559348553419113,
1512,9077,,0.11190464347600937
1512,9077,0.010571658611297607,
1513,9083,,0.12734922766685486
1513,9083,0.013098720461130142,
1514,9089,,0.12869039177894592
1514,9089,0.015862230211496353,
1515,9095,,0.1255549192428589
1515,9095,0.01567562110722065,
1516,9101,,0.1389845758676529
1516,9101,0.014684034511446953,
1517,9107,,0.11387143284082413
1517,9107,0.0168309286236763,
1518,9113,,0.08800464868545532
1518,9113,0.014094233512878418,
1519,9119,,0.06477570533752441
1519,9119,0.010943745262920856,
1520,9125,,0.09280277788639069
1520,9125,0.010597247630357742,
1521,9131,,0.10902117192745209
1521,9131,0.011778461746871471,
1522,9137,,0.08684620261192322
1522,9137,0.010990094393491745,
1523,9143,,0.08845891803503036
1523,9143,0.013358835130929947,
1524,9149,,0.0869535505771637
1524,9149,0.011189276352524757,
1525,9155,,0.07805302739143372
1525,9155,0.011479692533612251,
1526,9161,,0.06931518018245697
1526,9161,0.010793386027216911,
1527,9167,,0.07261807471513748
1527,9167,0.010908063501119614,
1528,9173,,0.05819733068346977
1528,9173,0.010860470123589039,
1529,9179,,0.06355825066566467
1529,9179,0.011738876812160015,
1530,9185,,0.07505743950605392
1530,9185,0.010921628214418888,
1531,9191,,0.08705329895019531
1531,9191,0.010259991511702538,
1532,9197,,0.08530615270137787
1532,9197,0.011099372990429401,
1533,9203,,0.10599682480096817
1533,9203,0.010793391615152359,
1534,9209,,0.09812325984239578
1534,9209,0.013252029195427895,
1535,9215,,0.08210790902376175
1535,9215,0.01194728072732687,
1536,9221,,0.09498227387666702
1536,9221,0.010543543845415115,
1537,9227,,0.11051227897405624
1537,9227,0.012170877307653427,
1538,9233,,0.09313295781612396
1538,9233,0.013183453120291233,
1539,9239,,0.06550376117229462
1539,9239,0.011790137737989426,
1540,9245,,0.062063466757535934
1540,9245,0.011075607500970364,
1541,9251,,0.09781987220048904
1541,9251,0.014192575588822365,
1542,9257,,0.08747654408216476
1542,9257,0.012818841263651848,
1543,9263,,0.08429877460002899
1543,9263,0.011785496957600117,
1544,9269,,0.07224871218204498
1544,9269,0.011132845655083656,
1545,9275,,0.0753333568572998
1545,9275,0.011307469569146633,
1546,9281,,0.06316116452217102
1546,9281,0.011634211987257004,
1547,9287,,0.06395262479782104
1547,9287,0.012357736006379128,
1548,9293,,0.06623254716396332
1548,9293,0.01179820392280817,
1549,9299,,0.07304199039936066
1549,9299,0.01162848249077797,
1550,9305,,0.07947003841400146
1550,9305,0.010787440463900566,
1551,9311,,0.07673727720975876
1551,9311,0.01104570273309946,
1552,9317,,0.05459076166152954
1552,9317,0.011389298364520073,
1553,9323,,0.044846538454294205
1553,9323,0.011025015264749527,
1554,9329,,0.055790744721889496
1554,9329,0.01171419769525528,
1555,9335,,0.05481276661157608
1555,9335,0.012035122141242027,
1556,9341,,0.05528346449136734
1556,9341,0.012732947245240211,
1557,9347,,0.07812944054603577
1557,9347,0.015842335298657417,
1558,9353,,0.08619647473096848
1558,9353,0.013546106405556202,
1559,9359,,0.08241449296474457
1559,9359,0.01203436590731144,
1560,9365,,0.09689077734947205
1560,9365,0.01030348427593708,
1561,9371,,0.09141765534877777
1561,9371,0.012129978276789188,
1562,9377,,0.08212533593177795
1562,9377,0.011132105253636837,
1563,9383,,0.06977202743291855
1563,9383,0.010101640596985817,
1564,9389,,0.059233635663986206
1564,9389,0.010572762228548527,
1565,9395,,0.0664413571357727
1565,9395,0.010911504738032818,
1566,9401,,0.09300155937671661
1566,9401,0.010461816564202309,
1567,9407,,0.10363630205392838
1567,9407,0.010944855399429798,
1568,9413,,0.12192711979150772
1568,9413,0.013590783812105656,
1569,9419,,0.09851734340190887
1569,9419,0.01300450786948204,
1570,9425,,0.08291760087013245
1570,9425,0.011929864063858986,
1571,9431,,0.060007669031620026
1571,9431,0.011208443902432919,
1572,9437,,0.07498051971197128
1572,9437,0.014371938072144985,
1573,9443,,0.07324690371751785
1573,9443,0.014775642193853855,
1574,9449,,0.06705690920352936
1574,9449,0.014150073751807213,
1575,9455,,0.07526816427707672
1575,9455,0.010289412923157215,
1576,9461,,0.09121590852737427
1576,9461,0.010352151468396187,
1577,9467,,0.07601273059844971
1577,9467,0.012232834473252296,
1578,9473,,0.08088807016611099
1578,9473,0.011764833703637123,
1579,9479,,0.09164436161518097
1579,9479,0.01174463052302599,
1580,9485,,0.10379451513290405
1580,9485,0.011813339777290821,
1581,9491,,0.08993524312973022
1581,9491,0.011973905377089977,
1582,9497,,0.0835886299610138
1582,9497,0.010577796958386898,
1583,9503,,0.07972527295351028
1583,9503,0.01121156569570303,
1584,9509,,0.08654354512691498
1584,9509,0.01101843360811472,
1585,9515,,0.08146984875202179
1585,9515,0.010833704844117165,
1586,9521,,0.06677688658237457
1586,9521,0.010760802775621414,
1587,9527,,0.0601489432156086
1587,9527,0.010401850566267967,
1588,9533,,0.06627140939235687
1588,9533,0.011128587648272514,
1589,9539,,0.06181034445762634
1589,9539,0.010515060275793076,
1590,9545,,0.08193166553974152
1590,9545,0.010996237397193909,
1591,9551,,0.0796632170677185
1591,9551,0.010281206108629704,
1592,9557,,0.07187789678573608
1592,9557,0.009741660207509995,
1593,9563,,0.08985769748687744
1593,9563,0.011123654432594776,
1594,9569,,0.0958617553114891
1594,9569,0.010617814026772976,
1595,9575,,0.10598725080490112
1595,9575,0.010402427986264229,
1596,9581,,0.10115538537502289
1596,9581,0.013098334893584251,
1597,9587,,0.08530953526496887
1597,9587,0.012015198357403278,
1598,9593,,0.09470030665397644
1598,9593,0.011914758943021297,
1599,9599,,0.10424945503473282
1599,9599,0.012087498791515827,
1600,9605,,0.09625911712646484
1600,9605,0.012211007997393608,
1601,9611,,0.08634043484926224
1601,9611,0.01302697230130434,
1602,9617,,0.055865831673145294
1602,9617,0.011354195885360241,
1603,9623,,0.08092500269412994
1603,9623,0.010030580684542656,
1604,9629,,0.07503221929073334
1604,9629,0.010754923336207867,
1605,9635,,0.10362710803747177
1605,9635,0.01112218014895916,
1606,9641,,0.09712094068527222
1606,9641,0.011071846820414066,
1607,9647,,0.08247467130422592
1607,9647,0.011065981350839138,
1608,9653,,0.07690313458442688
1608,9653,0.011228427290916443,
1609,9659,,0.09913115203380585
1609,9659,0.010613351128995419,
1610,9665,,0.060518570244312286
1610,9665,0.01104630809277296,
1611,9671,,0.10021936893463135
1611,9671,0.011271808296442032,
1612,9677,,0.08651605248451233
1612,9677,0.010976044461131096,
1613,9683,,0.0664161890745163
1613,9683,0.011416886001825333,
1614,9689,,0.06065838783979416
1614,9689,0.010603916831314564,
1615,9695,,0.07766225934028625
1615,9695,0.01263339538127184,
1616,9701,,0.09388722479343414
1616,9701,0.013085996732115746,
1617,9707,,0.10758794844150543
1617,9707,0.012535245157778263,
1618,9713,,0.08732134103775024
1618,9713,0.01137289498001337,
1619,9719,,0.09325793385505676
1619,9719,0.011290748603641987,
1620,9725,,0.07805711030960083
1620,9725,0.010836408473551273,
1621,9731,,0.059123359620571136
1621,9731,0.010457929223775864,
1622,9737,,0.050806306302547455
1622,9737,0.011336104944348335,
1623,9743,,0.03938330337405205
1623,9743,0.01222950592637062,
1624,9749,,0.0574769489467144
1624,9749,0.01365726813673973,
1625,9755,,0.04583227261900902
1625,9755,0.011209857650101185,
1626,9761,,0.049324795603752136
1626,9761,0.011807764880359173,
1627,9767,,0.05681265518069267
1627,9767,0.011897439137101173,
1628,9773,,0.045694753527641296
1628,9773,0.010905290022492409,
1629,9779,,0.057751648128032684
1629,9779,0.012407409958541393,
1630,9785,,0.07507740706205368
1630,9785,0.01069335825741291,
1631,9791,,0.08926776051521301
1631,9791,0.01104060560464859,
1632,9797,,0.07935159653425217
1632,9797,0.011433582752943039,
1633,9803,,0.08679003268480301
1633,9803,0.011232406832277775,
1634,9809,,0.07560566812753677
1634,9809,0.01077803410589695,
1635,9815,,0.047570738941431046
1635,9815,0.010348244570195675,
1636,9821,,0.05189264938235283
1636,9821,0.012897249311208725,
1637,9827,,0.05297449976205826
1637,9827,0.011283128522336483,
1638,9833,,0.063272625207901
1638,9833,0.011532748118042946,
1639,9839,,0.06852241605520248
1639,9839,0.010325288400053978,
1640,9845,,0.0778684988617897
1640,9845,0.010351035743951797,
1641,9851,,0.09562407433986664
1641,9851,0.01003327127546072,
1642,9857,,0.08698157221078873
1642,9857,0.011849954724311829,
1643,9863,,0.07792238891124725
1643,9863,0.010612924583256245,
1644,9869,,0.08592332899570465
1644,9869,0.011082672514021397,
1645,9875,,0.08434358239173889
1645,9875,0.010937051847577095,
1646,9881,,0.1125643253326416
1646,9881,0.01107453927397728,
1647,9887,,0.08557699620723724
1647,9887,0.014519262127578259,
1648,9893,,0.1157255545258522
1648,9893,0.010379615239799023,
1649,9899,,0.10334675014019012
1649,9899,0.012995915487408638,
1650,9905,,0.10808710753917694
1650,9905,0.01232692040503025,
1651,9911,,0.12720908224582672
1651,9911,0.013014480471611023,
1652,9917,,0.11259951442480087
1652,9917,0.0151113485917449,
1653,9923,,0.10847054421901703
1653,9923,0.014305478893220425,
1654,9929,,0.0737985298037529
1654,9929,0.01138165034353733,
1655,9935,,0.07985544949769974
1655,9935,0.010536525398492813,
1656,9941,,0.08351869881153107
1656,9941,0.010342180728912354,
1657,9947,,0.07527854293584824
1657,9947,0.010528532788157463,
1658,9953,,0.06623764336109161
1658,9953,0.010870311409235,
1659,9959,,0.08198496699333191
1659,9959,0.010492040775716305,
1660,9965,,0.05851266533136368
1660,9965,0.00991534348577261,
1661,9971,,0.06920740753412247
1661,9971,0.01068632397800684,
1662,9977,,0.04730292409658432
1662,9977,0.010148338042199612,
1663,9983,,0.04347024857997894
1663,9983,0.012800346128642559,
1664,9989,,0.04270242154598236
1664,9989,0.012920524924993515,
1665,9995,,0.043223507702350616
1665,9995,0.01365797407925129,
1666,10001,,0.04896184802055359
1666,10001,0.012531044892966747,
1667,10007,,0.06250307708978653
1667,10007,0.015041407197713852,
1668,10013,,0.0632079690694809
1668,10013,0.011981259100139141,
1669,10019,,0.04795217514038086
1669,10019,0.01142420805990696,
1670,10025,,0.04584268853068352
1670,10025,0.012644429691135883,
1671,10031,,0.03853071108460426
1671,10031,0.014379720203578472,
1672,10037,,0.061481066048145294
1672,10037,0.012405206449329853,
1673,10043,,0.06345510482788086
1673,10043,0.010478594340384007,
1674,10049,,0.07847771048545837
1674,10049,0.011035516858100891,
1675,10055,,0.08180049061775208
1675,10055,0.010471959598362446,
1676,10061,,0.08120138943195343
1676,10061,0.011112517677247524,
1677,10067,,0.09149005264043808
1677,10067,0.011467899195849895,
1678,10073,,0.06408733129501343
1678,10073,0.010419878177344799,
1679,10079,,0.06556914746761322
1679,10079,0.011284560896456242,
1680,10085,,0.06942617893218994
1680,10085,0.01135246455669403,
1681,10091,,0.08063704520463943
1681,10091,0.01202393602579832,
1682,10097,,0.08579297363758087
1682,10097,0.012410496361553669,
1683,10103,,0.0852326974272728
1683,10103,0.011848044581711292,
1684,10109,,0.08330165594816208
1684,10109,0.01204572431743145,
1685,10115,,0.06272408366203308
1685,10115,0.010629029013216496,
1686,10121,,0.06361746788024902
1686,10121,0.0112295625731349,
1687,10127,,0.07856444269418716
1687,10127,0.011005519889295101,
1688,10133,,0.07372097671031952
1688,10133,0.010499317198991776,
1689,10139,,0.0844922885298729
1689,10139,0.010153434239327908,
1690,10145,,0.09551539272069931
1690,10145,0.01101174857467413,
1691,10151,,0.07115160673856735
1691,10151,0.009902452118694782,
1692,10157,,0.08231712877750397
1692,10157,0.0104267168790102,
1693,10163,,0.08571840077638626
1693,10163,0.011202438734471798,
1694,10169,,0.10232492536306381
1694,10169,0.010461078025400639,
1695,10175,,0.08620037883520126
1695,10175,0.010592426173388958,
1696,10181,,0.0799223780632019
1696,10181,0.011294065974652767,
1697,10187,,0.10453705489635468
1697,10187,0.010963785462081432,
1698,10193,,0.10971841961145401
1698,10193,0.013551542535424232,
1699,10199,,0.09510010480880737
1699,10199,0.013125329278409481,
1700,10205,,0.09459847211837769
1700,10205,0.014852828346192837,
1701,10211,,0.10511992871761322
1701,10211,0.012418091297149658,
1702,10217,,0.10557041317224503
1702,10217,0.013134278357028961,
1703,10223,,0.0978274792432785
1703,10223,0.013545513153076172,
1704,10229,,0.10433244705200195
1704,10229,0.015255174599587917,
1705,10235,,0.09630443155765533
1705,10235,0.013400505296885967,
1706,10241,,0.10401839017868042
1706,10241,0.011459658853709698,
1707,10247,,0.09364292770624161
1707,10247,0.010850545018911362,
1708,10253,,0.08299250155687332
1708,10253,0.012421670369803905,
1709,10259,,0.08020400255918503
1709,10259,0.012392749078571796,
1710,10265,,0.07307963818311691
1710,10265,0.010386351495981216,
1711,10271,,0.04833574593067169
1711,10271,0.00966932624578476,
1712,10277,,0.06681343913078308
1712,10277,0.012505610473453999,
1713,10283,,0.07128340750932693
1713,10283,0.011896289885044098,
1714,10289,,0.08489104360342026
1714,10289,0.011134489439427853,
1715,10295,,0.08299463987350464
1715,10295,0.010259771719574928,
1716,10301,,0.0956168919801712
1716,10301,0.011265086010098457,
1717,10307,,0.08896969258785248
1717,10307,0.011178354732692242,
1718,10313,,0.08075173944234848
1718,10313,0.010248765349388123,
1719,10319,,0.08437193930149078
1719,10319,0.011032749898731709,
1720,10325,,0.06522078067064285
1720,10325,0.010218621231615543,
1721,10331,,0.07845140248537064
1721,10331,0.009824903681874275,
1722,10337,,0.08342362195253372
1722,10337,0.010150277987122536,
1723,10343,,0.08898818492889404
1723,10343,0.010765443556010723,
1724,10349,,0.08407540619373322
1724,10349,0.011026144027709961,
1725,10355,,0.05735582858324051
1725,10355,0.010090066120028496,
1726,10361,,0.048429202288389206
1726,10361,0.010955614037811756,
1727,10367,,0.0468832291662693
1727,10367,0.010941228829324245,
1728,10373,,0.045883554965257645
1728,10373,0.011653818190097809,
1729,10379,,0.053012777119874954
1729,10379,0.011864705011248589,
1730,10385,,0.05567331984639168
1730,10385,0.010215863585472107,
1731,10391,,0.061742544174194336
1731,10391,0.010076891630887985,
1732,10397,,0.07935010641813278
1732,10397,0.010579511523246765,
1733,10403,,0.07906506955623627
1733,10403,0.009946982376277447,
1734,10409,,0.09326370805501938
1734,10409,0.0102362260222435,
1735,10415,,0.11739329993724823
1735,10415,0.01182063389569521,
1736,10421,,0.13170146942138672
1736,10421,0.01282760314643383,
1737,10427,,0.09932783246040344
1737,10427,0.01459778193384409,
1738,10433,,0.07560276240110397
1738,10433,0.011646304279565811,
1739,10439,,0.0629524439573288
1739,10439,0.011297994293272495,
1740,10445,,0.06883604824542999
1740,10445,0.011526298709213734,
1741,10451,,0.06393104791641235
1741,10451,0.011447963304817677,
1742,10457,,0.06291849166154861
1742,10457,0.011255539953708649,
1743,10463,,0.0770648717880249
1743,10463,0.010233928449451923,
1744,10469,,0.08334366977214813
1744,10469,0.009641268290579319,
1745,10475,,0.09290781617164612
1745,10475,0.011010164394974709,
1746,10481,,0.09184662252664566
1746,10481,0.010826550424098969,
1747,10487,,0.11886545270681381
1747,10487,0.011841412633657455,
1748,10493,,0.09682808071374893
1748,10493,0.011968713253736496,
1749,10499,,0.07321110367774963
1749,10499,0.010321327485144138,
1750,10505,,0.0828050822019577
1750,10505,0.010851267725229263,
1751,10511,,0.09110506623983383
1751,10511,0.011094475165009499,
1752,10517,,0.0848950669169426
1752,10517,0.011096399277448654,
1753,10523,,0.09534741938114166
1753,10523,0.009869086556136608,
1754,10529,,0.09034644067287445
1754,10529,0.011151975020766258,
1755,10535,,0.10638017952442169
1755,10535,0.010992337949573994,
1756,10541,,0.0821843147277832
1756,10541,0.012931985780596733,
1757,10547,,0.0828699842095375
1757,10547,0.013948199339210987,
1758,10553,,0.07753011584281921
1758,10553,0.011940657161176205,
1759,10559,,0.07376060634851456
1759,10559,0.01048003789037466,
1760,10565,,0.06745699048042297
1760,10565,0.010863802395761013,
1761,10571,,0.06408416479825974
1761,10571,0.010482324287295341,
1762,10577,,0.04300679638981819
1762,10577,0.009842043742537498,
1763,10583,,0.05628582090139389
1763,10583,0.011695350520312786,
1764,10589,,0.07531026750802994
1764,10589,0.010503871366381645,
1765,10595,,0.06705600023269653
1765,10595,0.010762777179479599,
1766,10601,,0.07922111451625824
1766,10601,0.010238375514745712,
1767,10607,,0.07591412961483002
1767,10607,0.010880911722779274,
1768,10613,,0.06752648949623108
1768,10613,0.01059534028172493,
1769,10619,,0.0652431845664978
1769,10619,0.01022670790553093,
1770,10625,,0.09197574853897095
1770,10625,0.011288931593298912,
1771,10631,,0.08468705415725708
1771,10631,0.010775016620755196,
1772,10637,,0.06947755068540573
1772,10637,0.010001741349697113,
1773,10643,,0.06022660806775093
1773,10643,0.009909265674650669,
1774,10649,,0.05910668522119522
1774,10649,0.01026254054158926,
1775,10655,,0.052324533462524414
1775,10655,0.011027637869119644,
1776,10661,,0.06609825789928436
1776,10661,0.010270470753312111,
1777,10667,,0.06528603285551071
1777,10667,0.009792243130505085,
1778,10673,,0.06498885154724121
1778,10673,0.010447470471262932,
1779,10679,,0.07003425806760788
1779,10679,0.010567632503807545,
1780,10685,,0.06178859621286392
1780,10685,0.011509296484291553,
1781,10691,,0.06901106238365173
1781,10691,0.010301784612238407,
1782,10697,,0.06949188560247421
1782,10697,0.010098839178681374,
1783,10703,,0.08432736992835999
1783,10703,0.009829478338360786,
1784,10709,,0.07692549377679825
1784,10709,0.010258031077682972,
1785,10715,,0.08711278438568115
1785,10715,0.010084467008709908,
1786,10721,,0.07604055106639862
1786,10721,0.010617217980325222,
1787,10727,,0.055877216160297394
1787,10727,0.010251982137560844,
1788,10733,,0.06803063303232193
1788,10733,0.011125752702355385,
1789,10739,,0.05918719246983528
1789,10739,0.009699429385364056,
1790,10745,,0.06542060524225235
1790,10745,0.009950392879545689,
1791,10751,,0.05753909423947334
1791,10751,0.010434235446155071,
1792,10757,,0.07380373030900955
1792,10757,0.011214115656912327,
1793,10763,,0.11562931537628174
1793,10763,0.01155928522348404,
1794,10769,,0.11876845359802246
1794,10769,0.013735190033912659,
1795,10775,,0.12896975874900818
1795,10775,0.012679658830165863,
1796,10781,,0.12731577455997467
1796,10781,0.013060927391052246,
1797,10787,,0.1121428981423378
1797,10787,0.016720149666070938,
1798,10793,,0.08210591226816177
1798,10793,0.010411174967885017,
1799,10799,,0.05835726857185364
1799,10799,0.010286212898790836,
1800,10805,,0.046640265733003616
1800,10805,0.01042009424418211,
1801,10811,,0.05763579532504082
1801,10811,0.011521629057824612,
1802,10817,,0.056818388402462006
1802,10817,0.010303663089871407,
1803,10823,,0.07069811224937439
1803,10823,0.011062659323215485,
1804,10829,,0.0753454715013504
1804,10829,0.011109242215752602,
1805,10835,,0.11011848598718643
1805,10835,0.009554998949170113,
1806,10841,,0.09223589301109314
1806,10841,0.011200938373804092,
1807,10847,,0.10304339975118637
1807,10847,0.010446700267493725,
1808,10853,,0.09314588457345963
1808,10853,0.012197685427963734,
1809,10859,,0.08549996465444565
1809,10859,0.010394956916570663,
1810,10865,,0.10762044042348862
1810,10865,0.010978974401950836,
1811,10871,,0.0996912345290184
1811,10871,0.01183269266039133,
1812,10877,,0.09534449875354767
1812,10877,0.011998934671282768,
1813,10883,,0.08569005131721497
1813,10883,0.011516498401761055,
1814,10889,,0.07965490221977234
1814,10889,0.010799204930663109,
1815,10895,,0.06409581750631332
1815,10895,0.011071817018091679,
1816,10901,,0.06685258448123932
1816,10901,0.009796041063964367,
1817,10907,,0.08250491321086884
1817,10907,0.01029803417623043,
1818,10913,,0.07091488689184189
1818,10913,0.010736864060163498,
1819,10919,,0.08258423954248428
1819,10919,0.010573470033705235,
1820,10925,,0.07177108526229858
1820,10925,0.010392693802714348,
1821,10931,,0.06579811871051788
1821,10931,0.010035986080765724,
1822,10937,,0.06295815855264664
1822,10937,0.011181184090673923,
1823,10943,,0.07276134938001633
1823,10943,0.009886949323117733,
1824,10949,,0.07491739094257355
1824,10949,0.009751122444868088,
1825,10955,,0.1005512923002243
1825,10955,0.010208960622549057,
1826,10961,,0.07779259234666824
1826,10961,0.01107203122228384,
1827,10967,,0.08293765038251877
1827,10967,0.010677686892449856,
1828,10973,,0.06983859091997147
1828,10973,0.010394535027444363,
1829,10979,,0.06833718717098236
1829,10979,0.010240782052278519,
1830,10985,,0.057311881333589554
1830,10985,0.009866127744317055,
1831,10991,,0.05153752490878105
1831,10991,0.01107492484152317,
1832,10997,,0.06972936540842056
1832,10997,0.013339738361537457,
1833,11003,,0.06990671902894974
1833,11003,0.012749951332807541,
1834,11009,,0.07379461824893951
1834,11009,0.012861505150794983,
1835,11015,,0.10111582279205322
1835,11015,0.01320525910705328,
1836,11021,,0.09718779474496841
1836,11021,0.011676982045173645,
1837,11027,,0.09386397898197174
1837,11027,0.01092407014220953,
1838,11033,,0.06917812675237656
1838,11033,0.01041137333959341,
1839,11039,,0.054588306695222855
1839,11039,0.010497107170522213,
1840,11045,,0.05238492041826248
1840,11045,0.011997395195066929,
1841,11051,,0.04553382843732834
1841,11051,0.009844154119491577,
1842,11057,,0.047977469861507416
1842,11057,0.01101559866219759,
1843,11063,,0.04800686612725258
1843,11063,0.009958161041140556,
1844,11069,,0.04271852225065231
1844,11069,0.011593108996748924,
1845,11075,,0.03934849426150322
1845,11075,0.012279834598302841,
1846,11081,,0.034223154187202454
1846,11081,0.013409611769020557,
1847,11087,,0.02780110575258732
1847,11087,0.014970922842621803,
1848,11093,,0.0321386456489563
1848,11093,0.013251551426947117,
1849,11099,,0.028768733143806458
1849,11099,0.014516168273985386,
1850,11105,,0.052550334483385086
1850,11105,0.017214497551321983,
1851,11111,,0.08035775274038315
1851,11111,0.012451810762286186,
1852,11117,,0.08681348711252213
1852,11117,0.011357316747307777,
1853,11123,,0.11104293912649155
1853,11123,0.011446560733020306,
1854,11129,,0.07949155569076538
1854,11129,0.011212547309696674,
1855,11135,,0.09712032973766327
1855,11135,0.010763115249574184,
1856,11141,,0.09113998711109161
1856,11141,0.011357561685144901,
1857,11147,,0.09170074015855789
1857,11147,0.01066211424767971,
1858,11153,,0.060470081865787506
1858,11153,0.010566885583102703,
1859,11159,,0.05864579230546951
1859,11159,0.010259926319122314,
1860,11165,,0.07310836017131805
1860,11165,0.010024616494774818,
1861,11171,,0.0647301971912384
1861,11171,0.009564017876982689,
1862,11177,,0.07864974439144135
1862,11177,0.00994004588574171,
1863,11183,,0.08195584267377853
1863,11183,0.010620283894240856,
1864,11189,,0.09056272357702255
1864,11189,0.010260157287120819,
1865,11195,,0.07203548401594162
1865,11195,0.010459047742187977,
1866,11201,,0.06619082391262054
1866,11201,0.010259274393320084,
1867,11207,,0.0724000483751297
1867,11207,0.01102075818926096,
1868,11213,,0.08188962936401367
1868,11213,0.01014626119285822,
1869,11219,,0.08457666635513306
1869,11219,0.009843120351433754,
1870,11225,,0.063738614320755
1870,11225,0.009489493444561958,
1871,11231,,0.0653286874294281
1871,11231,0.01081636268645525,
1872,11237,,0.07945699989795685
1872,11237,0.010380451567471027,
1873,11243,,0.09140818566083908
1873,11243,0.010219746269285679,
1874,11249,,0.09838537126779556
1874,11249,0.011106517165899277,
1875,11255,,0.07082245498895645
1875,11255,0.010127317160367966,
1876,11261,,0.053721196949481964
1876,11261,0.010480949655175209,
1877,11267,,0.052079908549785614
1877,11267,0.011302649974822998,
1878,11273,,0.061057645827531815
1878,11273,0.010433140210807323,
1879,11279,,0.0923951044678688
1879,11279,0.01034832838922739,
1880,11285,,0.08028966188430786
1880,11285,0.010839452035725117,
1881,11291,,0.07556408643722534
1881,11291,0.009985044598579407,
1882,11297,,0.08329756557941437
1882,11297,0.010951516218483448,
1883,11303,,0.09655345231294632
1883,11303,0.009608802385628223,
1884,11309,,0.11317121982574463
1884,11309,0.01156663242727518,
1885,11315,,0.10445673763751984
1885,11315,0.011728193610906601,
1886,11321,,0.0712842047214508
1886,11321,0.011053310707211494,
1887,11327,,0.05024567246437073
1887,11327,0.010575786232948303,
1888,11333,,0.048259321600198746
1888,11333,0.010830121114850044,
1889,11339,,0.04569148272275925
1889,11339,0.010530621744692326,
1890,11345,,0.03822358697652817
1890,11345,0.012437000870704651,
1891,11351,,0.052678268402814865
1891,11351,0.012730040587484837,
1892,11357,,0.042185720056295395
1892,11357,0.01035566721111536,
1893,11363,,0.04688618332147598
1893,11363,0.01204123068600893,
1894,11369,,0.05764302611351013
1894,11369,0.01325029693543911,
1895,11375,,0.052244167774915695
1895,11375,0.012763290666043758,
1896,11381,,0.0747901052236557
1896,11381,0.012235155329108238,
1897,11387,,0.08929183334112167
1897,11387,0.010758998803794384,
1898,11393,,0.08924504369497299
1898,11393,0.010153702460229397,
1899,11399,,0.09435775876045227
1899,11399,0.01011062040925026,
1900,11405,,0.08110443502664566
1900,11405,0.01072144415229559,
1901,11411,,0.08627821505069733
1901,11411,0.009666315279901028,
1902,11417,,0.08576945215463638
1902,11417,0.00985556747764349,
1903,11423,,0.08613613992929459
1903,11423,0.010415924713015556,
1904,11429,,0.07331070303916931
1904,11429,0.01016304548829794,
1905,11435,,0.09044727683067322
1905,11435,0.009693627245724201,
1906,11441,,0.10141094028949738
1906,11441,0.010723900981247425,
1907,11447,,0.07509323209524155
1907,11447,0.010681652463972569,
1908,11453,,0.08121974766254425
1908,11453,0.01000197697430849,
1909,11459,,0.06839440762996674
1909,11459,0.01016303338110447,
1910,11465,,0.08752088993787766
1910,11465,0.011162195354700089,
1911,11471,,0.08292936533689499
1911,11471,0.010606642812490463,
1912,11477,,0.07494110614061356
1912,11477,0.010921408422291279,
1913,11483,,0.0805196613073349
1913,11483,0.00999719463288784,
1914,11489,,0.06770256906747818
1914,11489,0.009990179911255836,
1915,11495,,0.05106606334447861
1915,11495,0.009885680861771107,
1916,11501,,0.08085523545742035
1916,11501,0.010896425694227219,
1917,11507,,0.06869678944349289
1917,11507,0.010172175243496895,
1918,11513,,0.06295548379421234
1918,11513,0.009818927384912968,
1919,11519,,0.05970046669244766
1919,11519,0.010316047817468643,
1920,11525,,0.07036831229925156
1920,11525,0.01061904989182949,
1921,11531,,0.06962759792804718
1921,11531,0.009459326975047588,
1922,11537,,0.06614680588245392
1922,11537,0.010107798501849174,
1923,11543,,0.05340510606765747
1923,11543,0.010587973520159721,
1924,11549,,0.05665799230337143
1924,11549,0.01069916132837534,
1925,11555,,0.08843354135751724
1925,11555,0.010748413391411304,
1926,11561,,0.10640821605920792
1926,11561,0.010624767281115055,
1927,11567,,0.10592730343341827
1927,11567,0.010866359807550907,
1928,11573,,0.13658447563648224
1928,11573,0.013721022754907608,
1929,11579,,0.11685758829116821
1929,11579,0.015337168239057064,
1930,11585,,0.0850156843662262
1930,11585,0.012084787711501122,
1931,11591,,0.10954062640666962
1931,11591,0.011013610288500786,
1932,11597,,0.09130992740392685
1932,11597,0.011540626175701618,
1933,11603,,0.09575849771499634
1933,11603,0.010343709960579872,
1934,11609,,0.07734916359186172
1934,11609,0.010787358507514,
1935,11615,,0.07169318944215775
1935,11615,0.009828273206949234,
1936,11621,,0.06534074246883392
1936,11621,0.010027807205915451,
1937,11627,,0.07134576886892319
1937,11627,0.009826124645769596,
1938,11633,,0.055036693811416626
1938,11633,0.010374026373028755,
1939,11639,,0.042937472462654114
1939,11639,0.011784998700022697,
1940,11645,,0.056971125304698944
1940,11645,0.01179783046245575,
1941,11651,,0.05084776133298874
1941,11651,0.010383672080934048,
1942,11657,,0.05377865955233574
1942,11657,0.010357777588069439,
1943,11663,,0.07228635251522064
1943,11663,0.010944192297756672,
1944,11669,,0.07094963639974594
1944,11669,0.009927533566951752,
1945,11675,,0.08473251014947891
1945,11675,0.010649514384567738,
1946,11681,,0.07619265466928482
1946,11681,0.01027244608849287,
1947,11687,,0.07963991165161133
1947,11687,0.009846925735473633,
1948,11693,,0.06770951300859451
1948,11693,0.010090414434671402,
1949,11699,,0.06889236718416214
1949,11699,0.00976217444986105,
1950,11705,,0.056976042687892914
1950,11705,0.009733380749821663,
1951,11711,,0.07144195586442947
1951,11711,0.010659467428922653,
1952,11717,,0.06865836679935455
1952,11717,0.00949655007570982,
1953,11723,,0.06891680508852005
1953,11723,0.009911498986184597,
1954,11729,,0.08717217296361923
1954,11729,0.010133914649486542,
1955,11735,,0.07515647262334824
1955,11735,0.010325984098017216,
1956,11741,,0.06805290281772614
1956,11741,0.010051657445728779,
1957,11747,,0.058498114347457886
1957,11747,0.009524793364107609,
1958,11753,,0.06893004477024078
1958,11753,0.010520830750465393,
1959,11759,,0.050917454063892365
1959,11759,0.009469571523368359,
1960,11765,,0.06056433171033859
1960,11765,0.009632397443056107,
1961,11771,,0.05589728429913521
1961,11771,0.009790894575417042,
1962,11777,,0.06537774205207825
1962,11777,0.00999282207340002,
1963,11783,,0.06037452816963196
1963,11783,0.01089500728994608,
1964,11789,,0.06393665820360184
1964,11789,0.010065069422125816,
1965,11795,,0.036904796957969666
1965,11795,0.010273860767483711,
1966,11801,,0.05142673850059509
1966,11801,0.011856751516461372,
1967,11807,,0.06827088445425034
1967,11807,0.010126730427145958,
1968,11813,,0.0493646003305912
1968,11813,0.009680039249360561,
1969,11819,,0.04314271733164787
1969,11819,0.01079599279910326,
1970,11825,,0.03870346024632454
1970,11825,0.011408566497266293,
1971,11831,,0.04467133432626724
1971,11831,0.01299772784113884,
1972,11837,,0.04264570027589798
1972,11837,0.011457622982561588,
1973,11843,,0.03111686185002327
1973,11843,0.011635283939540386,
1974,11849,,0.03803880885243416
1974,11849,0.014583280310034752,
1975,11855,,0.04504500702023506
1975,11855,0.013241381384432316,
1976,11861,,0.07097789645195007
1976,11861,0.01187692116945982,
1977,11867,,0.0639527216553688
1977,11867,0.010834498330950737,
1978,11873,,0.09218724817037582
1978,11873,0.010138739831745625,
1979,11879,,0.07476142048835754
1979,11879,0.009975678287446499,
1980,11885,,0.08311472833156586
1980,11885,0.009741799905896187,
1981,11891,,0.08702855557203293
1981,11891,0.010219547897577286,
1982,11897,,0.07879669964313507
1982,11897,0.010959601029753685,
1983,11903,,0.06553564965724945
1983,11903,0.009726209565997124,
1984,11909,,0.06276112794876099
1984,11909,0.010026250034570694,
1985,11915,,0.060895271599292755
1985,11915,0.010243458673357964,
1986,11921,,0.06133377552032471
1986,11921,0.009709433652460575,
1987,11927,,0.05994739383459091
1987,11927,0.010352344252169132,
1988,11933,,0.06020810082554817
1988,11933,0.009877577424049377,
1989,11939,,0.0720270499587059
1989,11939,0.010611781850457191,
1990,11945,,0.07152236998081207
1990,11945,0.009943007491528988,
1991,11951,,0.06960570067167282
1991,11951,0.010024205781519413,
1992,11957,,0.0633859634399414
1992,11957,0.00960850715637207,
1993,11963,,0.06866949051618576
1993,11963,0.010102135129272938,
1994,11969,,0.0582289919257164
1994,11969,0.009881671518087387,
1995,11975,,0.06282204389572144
1995,11975,0.01028540637344122,
1996,11981,,0.06835930794477463
1996,11981,0.009089633822441101,
1997,11987,,0.08111026883125305
1997,11987,0.009249436669051647,
1998,11993,,0.07847168296575546
1998,11993,0.010270552709698677,
1999,11999,,0.10261876881122589
1999,11999,0.011005941778421402,
