val_reg_loss,epoch,step,train_reg_loss,max_norm
0.33242347836494446,0,5,,
,0,5,2.739413261413574,0.0
0.4408497214317322,1,11,,
,1,11,1.5876574516296387,0.0
0.18074528872966766,2,17,,
,2,17,1.6111903190612793,0.0
0.17215658724308014,3,23,,
,3,23,1.4361423254013062,0.0
0.18188749253749847,4,29,,
,4,29,1.3862769603729248,0.0
0.23432183265686035,5,35,,
,5,35,1.3883901834487915,0.0
0.18295733630657196,6,41,,
,6,41,1.419175624847412,0.0
0.17868687212467194,7,47,,
,7,47,1.443625807762146,0.0
0.2208038717508316,8,53,,
,8,53,1.4609252214431763,0.0
0.1722429245710373,9,59,,
,9,59,1.4116225242614746,0.0
0.22317497432231903,10,65,,
,10,65,1.4384775161743164,0.0
0.1706213504076004,11,71,,
,11,71,1.4121999740600586,0.0
0.2532312572002411,12,77,,
,12,77,1.4181361198425293,0.0
0.16942058503627777,13,83,,
,13,83,1.4460265636444092,0.0
0.2115800380706787,14,89,,
,14,89,1.3787428140640259,0.0
0.19765298068523407,15,95,,
,15,95,1.4931660890579224,0.0
0.16959337890148163,16,101,,
,16,101,1.626460075378418,0.0
0.32210975885391235,17,107,,
,17,107,1.6237249374389648,0.0
0.19257228076457977,18,113,,
,18,113,1.3789118528366089,0.0
0.22907979786396027,19,119,,
,19,119,1.4566514492034912,0.0
0.24483513832092285,20,125,,
,20,125,1.4471230506896973,0.0
0.1773056536912918,21,131,,
,21,131,1.3539276123046875,0.0
0.18839439749717712,22,137,,
,22,137,1.3732757568359375,0.0
0.1925661414861679,23,143,,
,23,143,1.3864933252334595,0.0
0.19828294217586517,24,149,,
,24,149,1.3524271249771118,0.0
0.1811143308877945,25,155,,
,25,155,1.3911199569702148,0.0
0.18936003744602203,26,161,,
,26,161,1.409535527229309,0.0
0.1775769144296646,27,167,,
,27,167,1.380261778831482,0.0
0.2134711891412735,28,173,,
,28,173,1.4228688478469849,0.0
0.16746146976947784,29,179,,
,29,179,1.3909140825271606,0.0
0.2370651811361313,30,185,,
,30,185,1.3929821252822876,0.0
0.20076844096183777,31,191,,
,31,191,1.4875271320343018,0.0
0.1668311208486557,32,197,,
,32,197,1.3783962726593018,0.0
0.268453985452652,33,203,,
,33,203,1.5330249071121216,0.0
0.1747792512178421,34,209,,
,34,209,1.347123146057129,0.0
0.19542033970355988,35,215,,
,35,215,1.3192983865737915,0.0
0.20936481654644012,36,221,,
,36,221,1.3900638818740845,0.0
0.16970038414001465,37,227,,
,37,227,1.363294243812561,0.0
0.18955959379673004,38,233,,
,38,233,1.3788343667984009,0.0
0.2220211774110794,39,239,,
,39,239,1.3573764562606812,0.0
0.18475571274757385,40,245,,
,40,245,1.3645495176315308,0.0
0.21838898956775665,41,251,,
,41,251,1.3097548484802246,0.0
0.18604281544685364,42,257,,
,42,257,1.3562090396881104,0.0
0.20350196957588196,43,263,,
,43,263,1.3108129501342773,0.0
0.18769343197345734,44,269,,
,44,269,1.3405005931854248,0.0
0.19971168041229248,45,275,,
,45,275,1.375902533531189,0.0
0.18893089890480042,46,281,,
,46,281,1.3431062698364258,0.0
0.1840677559375763,47,287,,
,47,287,1.3331184387207031,0.0
0.17986427247524261,48,293,,
,48,293,1.3718537092208862,0.0
0.22335144877433777,49,299,,
,49,299,1.324625015258789,0.0
0.1714269369840622,50,305,,
,50,305,1.3218629360198975,0.0
0.19946663081645966,51,311,,
,51,311,1.3539682626724243,0.0
0.19603240489959717,52,317,,
,52,317,1.3564540147781372,0.0
0.17688335478305817,53,323,,
,53,323,1.2801752090454102,0.0
0.1709979623556137,54,329,,
,54,329,1.3872926235198975,0.0
0.22291912138462067,55,335,,
,55,335,1.2911297082901,0.0
0.16340084373950958,56,341,,
,56,341,1.3718465566635132,0.0
0.18536975979804993,57,347,,
,57,347,1.3314520120620728,0.0
0.18251535296440125,58,353,,
,58,353,1.2912887334823608,0.0
0.19276443123817444,59,359,,
,59,359,1.2873717546463013,0.0
0.17291688919067383,60,365,,
,60,365,1.2611522674560547,0.0
0.19203567504882812,61,371,,
,61,371,1.2280757427215576,0.0
0.21729819476604462,62,377,,
,62,377,1.3022258281707764,0.0
0.16308856010437012,63,383,,
,63,383,1.3355563879013062,0.0
0.2559066712856293,64,389,,
,64,389,1.2788387537002563,0.0
0.17752309143543243,65,395,,
,65,395,1.2822123765945435,0.0
0.17936541140079498,66,401,,
,66,401,1.28486168384552,0.0
0.1962561309337616,67,407,,
,67,407,1.3383162021636963,0.0
0.16460299491882324,68,413,,
,68,413,1.4259470701217651,0.0
0.22763128578662872,69,419,,
,69,419,1.3483372926712036,0.0
0.17132513225078583,70,425,,
,70,425,1.3171114921569824,0.0
0.19685444235801697,71,431,,
,71,431,1.3234002590179443,0.0
0.17341957986354828,72,437,,
,72,437,1.3223412036895752,0.0
0.21757718920707703,73,443,,
,73,443,1.2312978506088257,0.0
0.1840621531009674,74,449,,
,74,449,1.2394894361495972,0.0
0.19310586154460907,75,455,,
,75,455,1.2710129022598267,0.0
0.17583484947681427,76,461,,
,76,461,1.269882082939148,0.0
0.2027081698179245,77,467,,
,77,467,1.2899436950683594,0.0
0.1822427362203598,78,473,,
,78,473,1.3445032835006714,0.0
0.17669782042503357,79,479,,
,79,479,1.2470557689666748,0.0
0.17091383039951324,80,485,,
,80,485,1.3183941841125488,0.0
0.225199356675148,81,491,,
,81,491,1.3734900951385498,0.0
0.173714742064476,82,497,,
,82,497,1.521431565284729,0.0
0.34795594215393066,83,503,,
,83,503,1.3719980716705322,0.0
0.16085180640220642,84,509,,
,84,509,1.29118013381958,0.0
0.19407066702842712,85,515,,
,85,515,1.4062485694885254,0.0
0.18910112977027893,86,521,,
,86,521,1.2225650548934937,0.0
0.208733931183815,87,527,,
,87,527,1.2901599407196045,0.0
0.20477108657360077,88,533,,
,88,533,1.24643874168396,0.0
0.17112040519714355,89,539,,
,89,539,1.2471553087234497,0.0
0.20342861115932465,90,545,,
,90,545,1.2390761375427246,0.0
0.1660037487745285,91,551,,
,91,551,1.3109537363052368,0.0
0.1961982548236847,92,557,,
,92,557,1.4261888265609741,0.0
0.2067410796880722,93,563,,
,93,563,1.3425484895706177,0.0
0.16060367226600647,94,569,,
,94,569,1.3973416090011597,0.0
0.3404080867767334,95,575,,
,95,575,1.255354881286621,0.0
0.16932035982608795,96,581,,
,96,581,1.300157904624939,0.0
0.163279190659523,97,587,,
,97,587,1.273651361465454,0.0
0.24461139738559723,98,593,,
,98,593,1.1790822744369507,0.0
0.18785548210144043,99,599,,
,99,599,1.2668601274490356,0.0
0.17135174572467804,100,605,,
,100,605,1.2788589000701904,0.0
0.19253332912921906,101,611,,
,101,611,1.243446707725525,0.0
0.20208130776882172,102,617,,
,102,617,1.2728917598724365,0.0
0.16334836184978485,103,623,,
,103,623,1.2754101753234863,0.0
0.2036188691854477,104,629,,
,104,629,1.2517551183700562,0.0
0.1806437224149704,105,635,,
,105,635,1.249498724937439,0.0
0.1768399178981781,106,641,,
,106,641,1.2456855773925781,0.0
0.19642019271850586,107,647,,
,107,647,1.2301760911941528,0.0
0.175209179520607,108,653,,
,108,653,1.2085907459259033,0.0
0.18819601833820343,109,659,,
,109,659,1.2746249437332153,0.0
0.1627141535282135,110,665,,
,110,665,1.2561657428741455,0.0
0.21255721151828766,111,671,,
,111,671,1.2174221277236938,0.0
0.17128868401050568,112,677,,
,112,677,1.1965711116790771,0.0
0.18721802532672882,113,683,,
,113,683,1.1671499013900757,0.0
0.17782068252563477,114,689,,
,114,689,1.2591909170150757,0.0
0.2690519690513611,115,695,,
,115,695,1.2197835445404053,0.0
0.1581137329339981,116,701,,
,116,701,1.1566134691238403,0.0
0.18087050318717957,117,707,,
,117,707,1.2306689023971558,0.0
0.23740945756435394,118,713,,
,118,713,1.2953311204910278,0.0
0.16092334687709808,119,719,,
,119,719,1.3096911907196045,0.0
0.27168774604797363,120,725,,
,120,725,1.2628262042999268,0.0
0.159613698720932,121,731,,
,121,731,1.2786751985549927,0.0
0.20615091919898987,122,737,,
,122,737,1.2718981504440308,0.0
0.15917155146598816,123,743,,
,123,743,1.1940699815750122,0.0
0.2086174190044403,124,749,,
,124,749,1.2276265621185303,0.0
0.17740578949451447,125,755,,
,125,755,1.2157949209213257,0.0
0.16326867043972015,126,761,,
,126,761,1.2269020080566406,0.0
0.24518553912639618,127,767,,
,127,767,1.2202622890472412,0.0
0.15873387455940247,128,773,,
,128,773,1.2181934118270874,0.0
0.1990133821964264,129,779,,
,129,779,1.1793497800827026,0.0
0.16861137747764587,130,785,,
,130,785,1.2234928607940674,0.0
0.1855287104845047,131,791,,
,131,791,1.2145485877990723,0.0
0.20072007179260254,132,797,,
,132,797,1.1619495153427124,0.0
0.16379472613334656,133,803,,
,133,803,1.1664183139801025,0.0
0.19668321311473846,134,809,,
,134,809,1.1836168766021729,0.0
0.19550947844982147,135,815,,
,135,815,1.2236242294311523,0.0
0.16542936861515045,136,821,,
,136,821,1.158250093460083,0.0
0.1711481809616089,137,827,,
,137,827,1.1697137355804443,0.0
0.20160654187202454,138,833,,
,138,833,1.1898143291473389,0.0
0.21499337255954742,139,839,,
,139,839,1.1911380290985107,0.0
0.16724279522895813,140,845,,
,140,845,1.2232096195220947,0.0
0.2164013832807541,141,851,,
,141,851,1.235408902168274,0.0
0.16326077282428741,142,857,,
,142,857,1.1628144979476929,0.0
0.19289350509643555,143,863,,
,143,863,1.2457668781280518,0.0
0.16237398982048035,144,869,,
,144,869,1.2078492641448975,0.0
0.3048519194126129,145,875,,
,145,875,1.2563362121582031,0.0
0.1541292816400528,146,881,,
,146,881,1.2592648267745972,0.0
0.2186838537454605,147,887,,
,147,887,1.1653238534927368,0.0
0.19926027953624725,148,893,,
,148,893,1.1841578483581543,0.0
0.18303251266479492,149,899,,
,149,899,1.184122085571289,0.0
0.1862097978591919,150,905,,
,150,905,1.1706026792526245,0.0
0.18196828663349152,151,911,,
,151,911,1.1919434070587158,0.0
0.1595151275396347,152,917,,
,152,917,1.171858787536621,0.0
0.20842604339122772,153,923,,
,153,923,1.0838483572006226,0.0
0.1754145622253418,154,929,,
,154,929,1.2352179288864136,0.0
0.15752755105495453,155,935,,
,155,935,1.2053139209747314,0.0
0.2544807195663452,156,941,,
,156,941,1.1557725667953491,0.0
0.1544482409954071,157,947,,
,157,947,1.1454424858093262,0.0
0.17676571011543274,158,953,,
,158,953,1.1134824752807617,0.0
0.19247327744960785,159,959,,
,159,959,1.1020830869674683,0.0
0.19080691039562225,160,965,,
,160,965,1.1732505559921265,0.0
0.1753348559141159,161,971,,
,161,971,1.1675671339035034,0.0
0.1643318384885788,162,977,,
,162,977,1.1425710916519165,0.0
0.1927817016839981,163,983,,
,163,983,1.1474461555480957,0.0
0.18022538721561432,164,989,,
,164,989,1.2041813135147095,0.0
0.15399040281772614,165,995,,
,165,995,1.1220389604568481,0.0
0.22919227182865143,166,1001,,
,166,1001,1.1198105812072754,0.0
0.17282719910144806,167,1007,,
,167,1007,1.1366921663284302,0.0
0.19547615945339203,168,1013,,
,168,1013,1.0886563062667847,0.0
0.18377837538719177,169,1019,,
,169,1019,1.1296648979187012,0.0
0.16593395173549652,170,1025,,
,170,1025,1.1355609893798828,0.0
0.1922329217195511,171,1031,,
,171,1031,1.1411473751068115,0.0
0.21058209240436554,172,1037,,
,172,1037,1.1506948471069336,0.0
0.15272678434848785,173,1043,,
,173,1043,1.1586123704910278,0.0
0.2409931868314743,174,1049,,
,174,1049,1.1468210220336914,0.0
0.15629248321056366,175,1055,,
,175,1055,1.235427737236023,0.0
0.23534144461154938,176,1061,,
,176,1061,1.090431809425354,0.0
0.15150652825832367,177,1067,,
,177,1067,1.1083588600158691,0.0
0.1905989795923233,178,1073,,
,178,1073,1.1152573823928833,0.0
0.20690758526325226,179,1079,,
,179,1079,1.1089754104614258,0.0
0.16772808134555817,180,1085,,
,180,1085,1.1337405443191528,0.0
0.16364407539367676,181,1091,,
,181,1091,1.156775712966919,0.0
0.2252604216337204,182,1097,,
,182,1097,1.17711341381073,0.0
0.1507081687450409,183,1103,,
,183,1103,1.252746820449829,0.0
0.2577027380466461,184,1109,,
,184,1109,1.0802925825119019,0.0
0.17196893692016602,185,1115,,
,185,1115,1.124660849571228,0.0
0.16941677033901215,186,1121,,
,186,1121,1.1006115674972534,0.0
0.17476865649223328,187,1127,,
,187,1127,1.1447441577911377,0.0
0.19581453502178192,188,1133,,
,188,1133,1.106244683265686,0.0
0.18789707124233246,189,1139,,
,189,1139,1.1085504293441772,0.0
0.1625872105360031,190,1145,,
,190,1145,1.0895984172821045,0.0
0.17533376812934875,191,1151,,
,191,1151,1.1451170444488525,0.0
0.20348241925239563,192,1157,,
,192,1157,1.094987392425537,0.0
0.1693246215581894,193,1163,,
,193,1163,1.1090673208236694,0.0
0.21368010342121124,194,1169,,
,194,1169,1.0928314924240112,0.0
0.15125373005867004,195,1175,,
,195,1175,1.1294653415679932,0.0
0.19742713868618011,196,1181,,
,196,1181,1.099682331085205,0.0
0.16369281709194183,197,1187,,
,197,1187,1.230816125869751,0.0
0.22986367344856262,198,1193,,
,198,1193,1.0738695859909058,0.0
0.15460927784442902,199,1199,,
,199,1199,1.0573925971984863,0.0
0.21122755110263824,200,1205,,
,200,1205,1.092800498008728,0.0
0.14959144592285156,201,1211,,
,201,1211,1.0733610391616821,0.0
0.18499505519866943,202,1217,,
,202,1217,1.1167887449264526,0.0
0.18886597454547882,203,1223,,
,203,1223,1.0439989566802979,0.0
0.1646193414926529,204,1229,,
,204,1229,1.065241813659668,0.0
0.19761668145656586,205,1235,,
,205,1235,1.0922938585281372,0.0
0.14880798757076263,206,1241,,
,206,1241,1.0505762100219727,0.0
0.22243423759937286,207,1247,,
,207,1247,1.0445448160171509,0.0
0.15600763261318207,208,1253,,
,208,1253,1.0597937107086182,0.0
0.184921994805336,209,1259,,
,209,1259,1.066408395767212,0.0
0.168563112616539,210,1265,,
,210,1265,1.0575331449508667,0.0
0.19892606139183044,211,1271,,
,211,1271,1.056794285774231,0.0
0.17866447567939758,212,1277,,
,212,1277,1.0486869812011719,0.0
0.1543547660112381,213,1283,,
,213,1283,1.0483613014221191,0.0
0.20933471620082855,214,1289,,
,214,1289,1.0733580589294434,0.0
0.1697784960269928,215,1295,,
,215,1295,1.0549359321594238,0.0
0.1869777888059616,216,1301,,
,216,1301,1.0186409950256348,0.0
0.19102753698825836,217,1307,,
,217,1307,1.04827880859375,0.0
0.18563756346702576,218,1313,,
,218,1313,1.0887786149978638,0.0
0.16818246245384216,219,1319,,
,219,1319,1.0399409532546997,0.0
0.19208143651485443,220,1325,,
,220,1325,1.0264357328414917,0.0
0.16294102370738983,221,1331,,
,221,1331,1.083943486213684,0.0
0.15591493248939514,222,1337,,
,222,1337,1.0056161880493164,0.0
0.17119324207305908,223,1343,,
,223,1343,1.0373183488845825,0.0
0.2241182029247284,224,1349,,
,224,1349,1.02518630027771,0.0
0.14670388400554657,225,1355,,
,225,1355,1.042410135269165,0.0
0.24249900877475739,226,1361,,
,226,1361,1.0736950635910034,0.0
0.16970625519752502,227,1367,,
,227,1367,1.0377522706985474,0.0
0.16100631654262543,228,1373,,
,228,1373,1.0368708372116089,0.0
0.21758605539798737,229,1379,,
,229,1379,1.0691237449645996,0.0
0.17598550021648407,230,1385,,
,230,1385,1.07900071144104,0.0
0.1524306833744049,231,1391,,
,231,1391,1.0427813529968262,0.0
0.2585192620754242,232,1397,,
,232,1397,1.1433498859405518,0.0
0.1442805528640747,233,1403,,
,233,1403,1.0328564643859863,0.0
0.22242580354213715,234,1409,,
,234,1409,1.0657581090927124,0.0
0.1485462486743927,235,1415,,
,235,1415,1.0401976108551025,0.0
0.19238032400608063,236,1421,,
,236,1421,1.0194580554962158,0.0
0.2065989226102829,237,1427,,
,237,1427,1.0551292896270752,0.0
0.1584957093000412,238,1433,,
,238,1433,1.0318200588226318,0.0
0.18899866938591003,239,1439,,
,239,1439,1.0432853698730469,0.0
0.1507653445005417,240,1445,,
,240,1445,1.0051566362380981,0.0
0.20418144762516022,241,1451,,
,241,1451,0.9975319504737854,0.0
0.1723335087299347,242,1457,,
,242,1457,1.026686429977417,0.0
0.1850202977657318,243,1463,,
,243,1463,1.0090875625610352,0.0
0.18818418681621552,244,1469,,
,244,1469,1.0261030197143555,0.0
0.16639535129070282,245,1475,,
,245,1475,1.0886740684509277,0.0
0.23902498185634613,246,1481,,
,246,1481,1.0421706438064575,0.0
0.14325451850891113,247,1487,,
,247,1487,1.098435878753662,0.0
0.32649850845336914,248,1493,,
,248,1493,1.0081813335418701,0.0
0.14564548432826996,249,1499,,
,249,1499,0.9658028483390808,0.0
0.1687069684267044,250,1505,,
,250,1505,1.033015251159668,0.0
0.19996525347232819,251,1511,,
,251,1511,1.0193290710449219,0.0
0.14910824596881866,252,1517,,
,252,1517,0.9567610025405884,0.0
0.20199918746948242,253,1523,,
,253,1523,0.9431803822517395,0.0
0.17480090260505676,254,1529,,
,254,1529,0.9646238684654236,0.0
0.1757632941007614,255,1535,,
,255,1535,1.0054497718811035,0.0
0.18736325204372406,256,1541,,
,256,1541,0.9997491240501404,0.0
0.1725904494524002,257,1547,,
,257,1547,0.9725654125213623,0.0
0.177973672747612,258,1553,,
,258,1553,0.9407113790512085,0.0
0.19534984230995178,259,1559,,
,259,1559,0.9887958765029907,0.0
0.19040434062480927,260,1565,,
,260,1565,0.991369366645813,0.0
0.14710187911987305,261,1571,,
,261,1571,1.0862486362457275,0.0
0.2520894408226013,262,1577,,
,262,1577,1.0704967975616455,0.0
0.14224426448345184,263,1583,,
,263,1583,1.2201942205429077,0.0
0.3210189938545227,264,1589,,
,264,1589,0.9665287137031555,0.0
0.143337219953537,265,1595,,
,265,1595,1.099349021911621,0.0
0.2509870231151581,266,1601,,
,266,1601,0.9965342283248901,0.0
0.15637338161468506,267,1607,,
,267,1607,1.0181670188903809,0.0
0.18133172392845154,268,1613,,
,268,1613,0.976390540599823,0.0
0.14805659651756287,269,1619,,
,269,1619,0.9806028008460999,0.0
0.2010800540447235,270,1625,,
,270,1625,0.9364822506904602,0.0
0.16431669890880585,271,1631,,
,271,1631,0.9537595510482788,0.0
0.18095089495182037,272,1637,,
,272,1637,1.048149824142456,0.0
0.1452006995677948,273,1643,,
,273,1643,0.9954730868339539,0.0
0.1993936151266098,274,1649,,
,274,1649,0.9902559518814087,0.0
0.16175805032253265,275,1655,,
,275,1655,0.9611369967460632,0.0
0.20609547197818756,276,1661,,
,276,1661,0.9447989463806152,0.0
0.1849144995212555,277,1667,,
,277,1667,0.921625554561615,0.0
0.14383196830749512,278,1673,,
,278,1673,1.0271855592727661,0.0
0.21730218827724457,279,1679,,
,279,1679,1.014721155166626,0.0
0.14927531778812408,280,1685,,
,280,1685,1.008397102355957,0.0
0.2011331468820572,281,1691,,
,281,1691,0.9479618072509766,0.0
0.1710565835237503,282,1697,,
,282,1697,0.9449905753135681,0.0
0.18246634304523468,283,1703,,
,283,1703,0.9442296028137207,0.0
0.1555142104625702,284,1709,,
,284,1709,0.987606406211853,0.0
0.15907590091228485,285,1715,,
,285,1715,0.9171618223190308,0.0
0.16881442070007324,286,1721,,
,286,1721,0.9178996682167053,0.0
0.18399909138679504,287,1727,,
,287,1727,0.8998683094978333,0.0
0.15992236137390137,288,1733,,
,288,1733,0.9299310445785522,0.0
0.18284697830677032,289,1739,,
,289,1739,0.9362850189208984,0.0
0.1982354074716568,290,1745,,
,290,1745,0.9616227746009827,0.0
0.14516286551952362,291,1751,,
,291,1751,0.941967785358429,0.0
0.21887019276618958,292,1757,,
,292,1757,0.9585145711898804,0.0
0.17432935535907745,293,1763,,
,293,1763,0.9546873569488525,0.0
0.16386590898036957,294,1769,,
,294,1769,0.9698144197463989,0.0
0.2013314813375473,295,1775,,
,295,1775,0.9838441610336304,0.0
0.15442322194576263,296,1781,,
,296,1781,0.9346692562103271,0.0
0.18195390701293945,297,1787,,
,297,1787,0.951861560344696,0.0
0.1638183444738388,298,1793,,
,298,1793,0.9192408323287964,0.0
0.16669146716594696,299,1799,,
,299,1799,0.9459130167961121,0.0
0.1483885943889618,300,1805,,
,300,1805,0.9138316512107849,0.0
0.21196576952934265,301,1811,,
,301,1811,0.9451609253883362,0.0
0.16763488948345184,302,1817,,
,302,1817,0.924688994884491,0.0
0.1462966352701187,303,1823,,
,303,1823,0.9184103608131409,0.0
0.22024767100811005,304,1829,,
,304,1829,0.9468368887901306,0.0
0.14604470133781433,305,1835,,
,305,1835,0.9359849691390991,0.0
0.23285505175590515,306,1841,,
,306,1841,0.9193590879440308,0.0
0.14463122189044952,307,1847,,
,307,1847,0.9083598256111145,0.0
0.17910662293434143,308,1853,,
,308,1853,0.8967477679252625,0.0
0.22088535130023956,309,1859,,
,309,1859,0.9102397561073303,0.0
0.14534156024456024,310,1865,,
,310,1865,0.890927791595459,0.0
0.15931116044521332,311,1871,,
,311,1871,0.9441269636154175,0.0
0.1714521199464798,312,1877,,
,312,1877,0.9434045553207397,0.0
0.15208056569099426,313,1883,,
,313,1883,0.9696716666221619,0.0
0.22161148488521576,314,1889,,
,314,1889,0.9405539631843567,0.0
0.14718958735466003,315,1895,,
,315,1895,0.928333580493927,0.0
0.22141657769680023,316,1901,,
,316,1901,0.9021691083908081,0.0
0.17311027646064758,317,1907,,
,317,1907,0.9212456345558167,0.0
0.17642633616924286,318,1913,,
,318,1913,0.9007472991943359,0.0
0.16433599591255188,319,1919,,
,319,1919,0.9264517426490784,0.0
0.16746044158935547,320,1925,,
,320,1925,0.8749390244483948,0.0
0.18093276023864746,321,1931,,
,321,1931,0.9356535077095032,0.0
0.19853626191616058,322,1937,,
,322,1937,0.9289154410362244,0.0
0.13907834887504578,323,1943,,
,323,1943,0.8687059283256531,0.0
0.22555041313171387,324,1949,,
,324,1949,0.9265328645706177,0.0
0.15922489762306213,325,1955,,
,325,1955,0.9257712364196777,0.0
0.16572807729244232,326,1961,,
,326,1961,0.9109383821487427,0.0
0.1658695787191391,327,1967,,
,327,1967,0.8712652325630188,0.0
0.1955983191728592,328,1973,,
,328,1973,0.8742281198501587,0.0
0.1671905368566513,329,1979,,
,329,1979,0.8864273428916931,0.0
0.17881722748279572,330,1985,,
,330,1985,0.8844906091690063,0.0
0.14370059967041016,331,1991,,
,331,1991,0.8989172577857971,0.0
0.19327187538146973,332,1997,,
,332,1997,0.9006127715110779,0.0
0.16253860294818878,333,2003,,
,333,2003,0.8389142751693726,0.0
0.1694425493478775,334,2009,,
,334,2009,0.9066213965415955,0.0
0.16402935981750488,335,2015,,
,335,2015,0.8833183646202087,0.0
0.17913921177387238,336,2021,,
,336,2021,0.8722411394119263,0.0
0.1463058888912201,337,2027,,
,337,2027,0.8440282940864563,0.0
0.16113655269145966,338,2033,,
,338,2033,0.8887580037117004,0.0
0.20246969163417816,339,2039,,
,339,2039,0.8569843769073486,0.0
0.18319368362426758,340,2045,,
,340,2045,0.850902259349823,0.0
0.16507863998413086,341,2051,,
,341,2051,0.8385218977928162,0.0
0.17804627120494843,342,2057,,
,342,2057,0.874963641166687,0.0
0.19489416480064392,343,2063,,
,343,2063,0.8715431690216064,0.0
0.1502108871936798,344,2069,,
,344,2069,0.9131502509117126,0.0
0.2067263275384903,345,2075,,
,345,2075,1.033738374710083,0.0
0.1364717185497284,346,2081,,
,346,2081,0.9662932753562927,0.0
0.28381338715553284,347,2087,,
,347,2087,0.8577013611793518,0.0
0.1350756138563156,348,2093,,
,348,2093,0.8787471055984497,0.0
0.20920957624912262,349,2099,,
,349,2099,0.9141348004341125,0.0
0.18264715373516083,350,2105,,
,350,2105,0.94046550989151,0.0
0.1516904979944229,351,2111,,
,351,2111,0.8462432622909546,0.0
0.1822168529033661,352,2117,,
,352,2117,0.8466167449951172,0.0
0.17438901960849762,353,2123,,
,353,2123,0.8234661221504211,0.0
0.1912829577922821,354,2129,,
,354,2129,0.8709769248962402,0.0
0.1645970642566681,355,2135,,
,355,2135,0.8919949531555176,0.0
0.19486813247203827,356,2141,,
,356,2141,0.8618530631065369,0.0
0.16334398090839386,357,2147,,
,357,2147,0.8674104809761047,0.0
0.18515348434448242,358,2153,,
,358,2153,0.8525832891464233,0.0
0.17587463557720184,359,2159,,
,359,2159,0.8519741296768188,0.0
0.15448781847953796,360,2165,,
,360,2165,0.8731391429901123,0.0
0.17430154979228973,361,2171,,
,361,2171,0.8525453805923462,0.0
0.14586570858955383,362,2177,,
,362,2177,0.835696816444397,0.0
0.21474607288837433,363,2183,,
,363,2183,0.8252630829811096,0.0
0.16115060448646545,364,2189,,
,364,2189,0.8424181938171387,0.0
0.18379034101963043,365,2195,,
,365,2195,0.8414594531059265,0.0
0.1931767463684082,366,2201,,
,366,2201,0.8839494585990906,0.0
0.1773093044757843,367,2207,,
,367,2207,0.9073209762573242,0.0
0.17568515241146088,368,2213,,
,368,2213,0.837761640548706,0.0
0.159983292222023,369,2219,,
,369,2219,0.8601664304733276,0.0
0.18678586184978485,370,2225,,
,370,2225,0.8421444892883301,0.0
0.1740182340145111,371,2231,,
,371,2231,0.8699920177459717,0.0
0.16090668737888336,372,2237,,
,372,2237,0.844244658946991,0.0
0.18505477905273438,373,2243,,
,373,2243,0.8692134618759155,0.0
0.14921119809150696,374,2249,,
,374,2249,0.8394426107406616,0.0
0.2132563591003418,375,2255,,
,375,2255,0.8012159466743469,0.0
0.17670473456382751,376,2261,,
,376,2261,0.8601627349853516,0.0
0.1618451625108719,377,2267,,
,377,2267,0.8395644426345825,0.0
0.2189606875181198,378,2273,,
,378,2273,0.7900503873825073,0.0
0.16007614135742188,379,2279,,
,379,2279,0.8135988712310791,0.0
0.1666737049818039,380,2285,,
,380,2285,0.8358266949653625,0.0
0.15904927253723145,381,2291,,
,381,2291,0.8640158772468567,0.0
0.15864397585391998,382,2297,,
,382,2297,0.8069214224815369,0.0
0.1926415115594864,383,2303,,
,383,2303,0.7871531844139099,0.0
0.18227912485599518,384,2309,,
,384,2309,0.8264687061309814,0.0
0.17361943423748016,385,2315,,
,385,2315,0.837380588054657,0.0
0.17093874514102936,386,2321,,
,386,2321,0.8035061955451965,0.0
0.22929324209690094,387,2327,,
,387,2327,0.8280361294746399,0.0
0.1726452112197876,388,2333,,
,388,2333,0.8312490582466125,0.0
0.15303254127502441,389,2339,,
,389,2339,0.8266692757606506,0.0
0.207670658826828,390,2345,,
,390,2345,0.7726880311965942,0.0
0.15503433346748352,391,2351,,
,391,2351,0.7610286474227905,0.0
0.16181425750255585,392,2357,,
,392,2357,0.8409679532051086,0.0
0.20964550971984863,393,2363,,
,393,2363,0.8011720776557922,0.0
0.1386641412973404,394,2369,,
,394,2369,0.8158243894577026,0.0
0.20283403992652893,395,2375,,
,395,2375,0.8646267056465149,0.0
0.13741280138492584,396,2381,,
,396,2381,0.801524817943573,0.0
0.21693171560764313,397,2387,,
,397,2387,0.8341783285140991,0.0
0.15582720935344696,398,2393,,
,398,2393,0.815972626209259,0.0
0.21759559214115143,399,2399,,
,399,2399,0.8587380647659302,0.0
0.1672971397638321,400,2405,,
,400,2405,0.9308317303657532,0.0
0.17250755429267883,401,2411,,
,401,2411,0.8515781164169312,0.0
0.18849430978298187,402,2417,,
,402,2417,0.8067643642425537,0.0
0.1331641972064972,403,2423,,
,403,2423,0.7883738875389099,0.0
0.21664735674858093,404,2429,,
,404,2429,0.7767441272735596,0.0
0.1927282065153122,405,2435,,
,405,2435,0.8051367402076721,0.0
0.15293042361736298,406,2441,,
,406,2441,0.7573107481002808,0.0
0.26487046480178833,407,2447,,
,407,2447,0.8517338037490845,0.0
0.13456948101520538,408,2453,,
,408,2453,0.8901905417442322,0.0
0.21034805476665497,409,2459,,
,409,2459,0.9642364978790283,0.0
0.13698573410511017,410,2465,,
,410,2465,0.8359329700469971,0.0
0.26707205176353455,411,2471,,
,411,2471,0.7492263317108154,0.0
0.13673730194568634,412,2477,,
,412,2477,0.8166320323944092,0.0
0.2179965227842331,413,2483,,
,413,2483,0.7658167481422424,0.0
0.1706765741109848,414,2489,,
,414,2489,0.7918573021888733,0.0
0.1947389394044876,415,2495,,
,415,2495,0.7790265083312988,0.0
0.16226057708263397,416,2501,,
,416,2501,0.7708204388618469,0.0
0.16912338137626648,417,2507,,
,417,2507,0.7406378984451294,0.0
0.16636613011360168,418,2513,,
,418,2513,0.807897686958313,0.0
0.20657660067081451,419,2519,,
,419,2519,0.8273265957832336,0.0
0.1299334466457367,420,2525,,
,420,2525,0.80556720495224,0.0
0.27956917881965637,421,2531,,
,421,2531,0.7897862195968628,0.0
0.1425217092037201,422,2537,,
,422,2537,0.8136592507362366,0.0
0.18360307812690735,423,2543,,
,423,2543,0.8185568451881409,0.0
0.15740378201007843,424,2549,,
,424,2549,0.7757694125175476,0.0
0.17400826513767242,425,2555,,
,425,2555,0.7636395692825317,0.0
0.1586805284023285,426,2561,,
,426,2561,0.7339605689048767,0.0
0.1949864774942398,427,2567,,
,427,2567,0.7617262005805969,0.0
0.15873432159423828,428,2573,,
,428,2573,0.7630887627601624,0.0
0.183144673705101,429,2579,,
,429,2579,0.7472080588340759,0.0
0.16501487791538239,430,2585,,
,430,2585,0.7445489168167114,0.0
0.17342063784599304,431,2591,,
,431,2591,0.7606976628303528,0.0
0.17697320878505707,432,2597,,
,432,2597,0.7933260202407837,0.0
0.14431655406951904,433,2603,,
,433,2603,0.7641614079475403,0.0
0.23180457949638367,434,2609,,
,434,2609,0.7182002067565918,0.0
0.14661428332328796,435,2615,,
,435,2615,0.7883251309394836,0.0
0.20020850002765656,436,2621,,
,436,2621,0.7464295029640198,0.0
0.1534096896648407,437,2627,,
,437,2627,0.7480193376541138,0.0
0.21252860128879547,438,2633,,
,438,2633,0.7543972134590149,0.0
0.1367107480764389,439,2639,,
,439,2639,0.8046954870223999,0.0
0.22717925906181335,440,2645,,
,440,2645,0.7170403003692627,0.0
0.19099102914333344,441,2651,,
,441,2651,0.7698091864585876,0.0
0.1924850195646286,442,2657,,
,442,2657,0.7373731136322021,0.0
0.13693438470363617,443,2663,,
,443,2663,0.7732580304145813,0.0
0.2621006965637207,444,2669,,
,444,2669,0.7706798315048218,0.0
0.15008783340454102,445,2675,,
,445,2675,0.7822397947311401,0.0
0.16131913661956787,446,2681,,
,446,2681,0.7371788620948792,0.0
0.19459760189056396,447,2687,,
,447,2687,0.7486367225646973,0.0
0.16614413261413574,448,2693,,
,448,2693,0.7441404461860657,0.0
0.15813934803009033,449,2699,,
,449,2699,0.7081495523452759,0.0
0.19043298065662384,450,2705,,
,450,2705,0.7306240200996399,0.0
0.18978595733642578,451,2711,,
,451,2711,0.7221927642822266,0.0
0.18892619013786316,452,2717,,
,452,2717,0.7130248546600342,0.0
0.17470286786556244,453,2723,,
,453,2723,0.7488576173782349,0.0
0.1889975368976593,454,2729,,
,454,2729,0.7114077210426331,0.0
0.14822252094745636,455,2735,,
,455,2735,0.7567027807235718,0.0
0.18030628561973572,456,2741,,
,456,2741,0.7507398128509521,0.0
0.17705334722995758,457,2747,,
,457,2747,0.7340015769004822,0.0
0.18199555575847626,458,2753,,
,458,2753,0.7529096603393555,0.0
0.15241672098636627,459,2759,,
,459,2759,0.7240574955940247,0.0
0.16503824293613434,460,2765,,
,460,2765,0.750775158405304,0.0
0.1948186159133911,461,2771,,
,461,2771,0.7345089912414551,0.0
0.15595315396785736,462,2777,,
,462,2777,0.7030999064445496,0.0
0.1956672966480255,463,2783,,
,463,2783,0.7101321220397949,0.0
0.180108442902565,464,2789,,
,464,2789,0.723008930683136,0.0
0.17733025550842285,465,2795,,
,465,2795,0.6969442963600159,0.0
0.15993432700634003,466,2801,,
,466,2801,0.7279186248779297,0.0
0.17336854338645935,467,2807,,
,467,2807,0.7849392890930176,0.0
0.1976993829011917,468,2813,,
,468,2813,0.8176143169403076,0.0
0.13519684970378876,469,2819,,
,469,2819,0.7929081320762634,0.0
0.23486272990703583,470,2825,,
,470,2825,0.8132832050323486,0.0
0.13660205900669098,471,2831,,
,471,2831,0.7303662896156311,0.0
0.20983517169952393,472,2837,,
,472,2837,0.749711811542511,0.0
0.15743394196033478,473,2843,,
,473,2843,0.7061545848846436,0.0
0.16558043658733368,474,2849,,
,474,2849,0.7125952243804932,0.0
0.22008919715881348,475,2855,,
,475,2855,0.6722516417503357,0.0
0.14107275009155273,476,2861,,
,476,2861,0.7024161219596863,0.0
0.19468474388122559,477,2867,,
,477,2867,0.7145105004310608,0.0
0.19125154614448547,478,2873,,
,478,2873,0.7260429859161377,0.0
0.14115998148918152,479,2879,,
,479,2879,0.6947465538978577,0.0
0.22318601608276367,480,2885,,
,480,2885,0.7202743887901306,0.0
0.14924632012844086,481,2891,,
,481,2891,0.7664803266525269,0.0
0.17120231688022614,482,2897,,
,482,2897,0.7053020596504211,0.0
0.18953275680541992,483,2903,,
,483,2903,0.7299950122833252,0.0
0.15093004703521729,484,2909,,
,484,2909,0.7724297642707825,0.0
0.20346863567829132,485,2915,,
,485,2915,0.7081649303436279,0.0
0.14767207205295563,486,2921,,
,486,2921,0.6769409775733948,0.0
0.21955764293670654,487,2927,,
,487,2927,0.7690760493278503,0.0
0.1425696313381195,488,2933,,
,488,2933,0.6551482677459717,0.0
0.21542859077453613,489,2939,,
,489,2939,0.7125588059425354,0.0
0.16257698833942413,490,2945,,
,490,2945,0.7585081458091736,0.0
0.15005268156528473,491,2951,,
,491,2951,0.7096982598304749,0.0
0.1998005360364914,492,2957,,
,492,2957,0.6774919033050537,0.0
0.15722966194152832,493,2963,,
,493,2963,0.7235416173934937,0.0
0.20854365825653076,494,2969,,
,494,2969,0.7047988772392273,0.0
0.14403459429740906,495,2975,,
,495,2975,0.6657764911651611,0.0
0.24808098375797272,496,2981,,
,496,2981,0.8226290345191956,0.0
0.15881751477718353,497,2987,,
,497,2987,0.7388035655021667,0.0
0.1982528418302536,498,2993,,
,498,2993,0.7063180208206177,0.0
0.186613529920578,499,2999,,
,499,2999,0.7662226557731628,0.0
0.19626736640930176,500,3005,,
,500,3005,0.7253957986831665,0.0
0.13999298214912415,501,3011,,
,501,3011,0.7411412596702576,0.0
0.23455224931240082,502,3017,,
,502,3017,0.7566414475440979,0.0
0.12880262732505798,503,3023,,
,503,3023,0.7000383138656616,0.0
0.324901282787323,504,3029,,
,504,3029,0.6375057697296143,0.0
0.13561536371707916,505,3035,,
,505,3035,0.8958067297935486,0.0
0.1625889390707016,506,3041,,
,506,3041,0.7886685729026794,0.0
0.23598550260066986,507,3047,,
,507,3047,0.7302262783050537,0.0
0.126576766371727,508,3053,,
,508,3053,0.7905170321464539,0.0
0.376205712556839,509,3059,,
,509,3059,0.6957500576972961,0.0
0.1317373365163803,510,3065,,
,510,3065,0.7683720588684082,0.0
0.31113746762275696,511,3071,,
,511,3071,0.7716925740242004,0.0
0.12582917511463165,512,3077,,
,512,3077,0.7501091361045837,0.0
0.2009677141904831,513,3083,,
,513,3083,0.8305248022079468,0.0
0.20264220237731934,514,3089,,
,514,3089,0.7571293711662292,0.0
0.13501611351966858,515,3095,,
,515,3095,0.7006903290748596,0.0
0.24197717010974884,516,3101,,
,516,3101,0.6450847387313843,0.0
0.13697417080402374,517,3107,,
,517,3107,0.7014544010162354,0.0
0.19144730269908905,518,3113,,
,518,3113,0.6520256400108337,0.0
0.16730830073356628,519,3119,,
,519,3119,0.6527785658836365,0.0
0.19577054679393768,520,3125,,
,520,3125,0.6874850988388062,0.0
0.1833655834197998,521,3131,,
,521,3131,0.7383243441581726,0.0
0.13715921342372894,522,3137,,
,522,3137,0.6437909603118896,0.0
0.2424575537443161,523,3143,,
,523,3143,0.7195109724998474,0.0
0.14949874579906464,524,3149,,
,524,3149,0.6908997297286987,0.0
0.23326826095581055,525,3155,,
,525,3155,0.6438062787055969,0.0
0.16224858164787292,526,3161,,
,526,3161,0.6814630031585693,0.0
0.20657852292060852,527,3167,,
,527,3167,0.6406698822975159,0.0
0.1481514424085617,528,3173,,
,528,3173,0.6529034972190857,0.0
0.18884286284446716,529,3179,,
,529,3179,0.7116634249687195,0.0
0.16131603717803955,530,3185,,
,530,3185,0.7912209033966064,0.0
0.17488738894462585,531,3191,,
,531,3191,0.6856117248535156,0.0
0.18219195306301117,532,3197,,
,532,3197,0.6071245074272156,0.0
0.1551073044538498,533,3203,,
,533,3203,0.6582450270652771,0.0
0.21286126971244812,534,3209,,
,534,3209,0.6918416023254395,0.0
0.13300170004367828,535,3215,,
,535,3215,0.6410377025604248,0.0
0.18921580910682678,536,3221,,
,536,3221,0.7289140820503235,0.0
0.16117994487285614,537,3227,,
,537,3227,0.6178410053253174,0.0
0.1826253980398178,538,3233,,
,538,3233,0.6417868137359619,0.0
0.17796266078948975,539,3239,,
,539,3239,0.7057796716690063,0.0
0.140273317694664,540,3245,,
,540,3245,0.7227658629417419,0.0
0.25917530059814453,541,3251,,
,541,3251,0.6433588862419128,0.0
0.13481377065181732,542,3257,,
,542,3257,0.609978973865509,0.0
0.201459139585495,543,3263,,
,543,3263,0.6658129692077637,0.0
0.1705447882413864,544,3269,,
,544,3269,0.6515430212020874,0.0
0.17446687817573547,545,3275,,
,545,3275,0.6374297738075256,0.0
0.21885983645915985,546,3281,,
,546,3281,0.6731677651405334,0.0
0.18182983994483948,547,3287,,
,547,3287,0.6790636777877808,0.0
0.16808655858039856,548,3293,,
,548,3293,0.6095815896987915,0.0
0.17580720782279968,549,3299,,
,549,3299,0.6177871823310852,0.0
0.16187211871147156,550,3305,,
,550,3305,0.6275197863578796,0.0
0.15228916704654694,551,3311,,
,551,3311,0.614798903465271,0.0
0.20247766375541687,552,3317,,
,552,3317,0.6179778575897217,0.0
0.16492430865764618,553,3323,,
,553,3323,0.6162390112876892,0.0
0.17028458416461945,554,3329,,
,554,3329,0.640421986579895,0.0
0.17865629494190216,555,3335,,
,555,3335,0.6324162483215332,0.0
0.16360726952552795,556,3341,,
,556,3341,0.6170894503593445,0.0
0.17998561263084412,557,3347,,
,557,3347,0.6295713782310486,0.0
0.15003255009651184,558,3353,,
,558,3353,0.6211631894111633,0.0
0.18801946938037872,559,3359,,
,559,3359,0.5854542851448059,0.0
0.16936235129833221,560,3365,,
,560,3365,0.651271641254425,0.0
0.18813763558864594,561,3371,,
,561,3371,0.6796641945838928,0.0
0.1747719943523407,562,3377,,
,562,3377,0.6183622479438782,0.0
0.1727491319179535,563,3383,,
,563,3383,0.6304801106452942,0.0
0.17632223665714264,564,3389,,
,564,3389,0.6257203817367554,0.0
0.1652379333972931,565,3395,,
,565,3395,0.6179696321487427,0.0
0.18929223716259003,566,3401,,
,566,3401,0.6386034488677979,0.0
0.1779177486896515,567,3407,,
,567,3407,0.6732518076896667,0.0
0.17431995272636414,568,3413,,
,568,3413,0.6270850896835327,0.0
0.15389063954353333,569,3419,,
,569,3419,0.5987708568572998,0.0
0.183819979429245,570,3425,,
,570,3425,0.627109706401825,0.0
0.1496930569410324,571,3431,,
,571,3431,0.6604464054107666,0.0
0.20876386761665344,572,3437,,
,572,3437,0.6286608576774597,0.0
0.18258881568908691,573,3443,,
,573,3443,0.6413341760635376,0.0
0.17640556395053864,574,3449,,
,574,3449,0.5676009654998779,0.0
0.17656943202018738,575,3455,,
,575,3455,0.586767315864563,0.0
0.1606728583574295,576,3461,,
,576,3461,0.6308689117431641,0.0
0.1782519668340683,577,3467,,
,577,3467,0.6531879901885986,0.0
0.18747588992118835,578,3473,,
,578,3473,0.5770307779312134,0.0
0.15591523051261902,579,3479,,
,579,3479,0.6048662662506104,0.0
0.20967872440814972,580,3485,,
,580,3485,0.685651421546936,0.0
0.15642149746418,581,3491,,
,581,3491,0.719682514667511,0.0
0.1687593013048172,582,3497,,
,582,3497,0.67598557472229,0.0
0.16730812191963196,583,3503,,
,583,3503,0.6557289361953735,0.0
0.18758566677570343,584,3509,,
,584,3509,0.6676663160324097,0.0
0.1862756460905075,585,3515,,
,585,3515,0.635743260383606,0.0
0.17397144436836243,586,3521,,
,586,3521,0.6338992118835449,0.0
0.18341509997844696,587,3527,,
,587,3527,0.6597188115119934,0.0
0.15588556230068207,588,3533,,
,588,3533,0.6242833137512207,0.0
0.23472033441066742,589,3539,,
,589,3539,0.5658364295959473,0.0
0.15199537575244904,590,3545,,
,590,3545,0.6404234170913696,0.0
0.20886299014091492,591,3551,,
,591,3551,0.5794534087181091,0.0
0.1823153793811798,592,3557,,
,592,3557,0.6011572480201721,0.0
0.18181514739990234,593,3563,,
,593,3563,0.6226789355278015,0.0
0.1843162328004837,594,3569,,
,594,3569,0.579742968082428,0.0
0.15046723186969757,595,3575,,
,595,3575,0.5752882361412048,0.0
0.18851366639137268,596,3581,,
,596,3581,0.5807076096534729,0.0
0.19036343693733215,597,3587,,
,597,3587,0.5883926153182983,0.0
0.16945455968379974,598,3593,,
,598,3593,0.5651745796203613,0.0
0.1773853749036789,599,3599,,
,599,3599,0.5593264102935791,0.0
0.1859070211648941,600,3605,,
,600,3605,0.5924295783042908,0.0
0.15749500691890717,601,3611,,
,601,3611,0.5807019472122192,0.0
0.21310122311115265,602,3617,,
,602,3617,0.573370099067688,0.0
0.19046807289123535,603,3623,,
,603,3623,0.5891279578208923,0.0
0.16064640879631042,604,3629,,
,604,3629,0.5643786191940308,0.0
0.15194551646709442,605,3635,,
,605,3635,0.5959132313728333,0.0
0.14718209207057953,606,3641,,
,606,3641,0.6353442668914795,0.0
0.18627803027629852,607,3647,,
,607,3647,0.5976027250289917,0.0
0.16427013278007507,608,3653,,
,608,3653,0.5745209455490112,0.0
0.17363879084587097,609,3659,,
,609,3659,0.5965803265571594,0.0
0.16552484035491943,610,3665,,
,610,3665,0.5673509240150452,0.0
0.18433941900730133,611,3671,,
,611,3671,0.6006165146827698,0.0
0.18488813936710358,612,3677,,
,612,3677,0.6164987087249756,0.0
0.17141543328762054,613,3683,,
,613,3683,0.7128545045852661,0.0
0.2543022334575653,614,3689,,
,614,3689,0.6186988353729248,0.0
0.13889358937740326,615,3695,,
,615,3695,0.599173903465271,0.0
0.2412930428981781,616,3701,,
,616,3701,0.5820631980895996,0.0
0.14540888369083405,617,3707,,
,617,3707,0.6173142194747925,0.0
0.20216715335845947,618,3713,,
,618,3713,0.6211481094360352,0.0
0.16682469844818115,619,3719,,
,619,3719,0.5781623125076294,0.0
0.1755468100309372,620,3725,,
,620,3725,0.5869590044021606,0.0
0.1546759158372879,621,3731,,
,621,3731,0.6021673679351807,0.0
0.1877688616514206,622,3737,,
,622,3737,0.5418896675109863,0.0
0.20439240336418152,623,3743,,
,623,3743,0.5588588118553162,0.0
0.1597341150045395,624,3749,,
,624,3749,0.6233866214752197,0.0
0.25946304202079773,625,3755,,
,625,3755,0.5389502644538879,0.0
0.1443467140197754,626,3761,,
,626,3761,0.5583555698394775,0.0
0.17133332788944244,627,3767,,
,627,3767,0.5747731924057007,0.0
0.1638183295726776,628,3773,,
,628,3773,0.5615107417106628,0.0
0.23658683896064758,629,3779,,
,629,3779,0.5381086468696594,0.0
0.13563381135463715,630,3785,,
,630,3785,0.5999504327774048,0.0
0.24990828335285187,631,3791,,
,631,3791,0.5530516505241394,0.0
0.12890470027923584,632,3797,,
,632,3797,0.6101866960525513,0.0
0.2157532423734665,633,3803,,
,633,3803,0.5735910534858704,0.0
0.17715811729431152,634,3809,,
,634,3809,0.5798488259315491,0.0
0.16767515242099762,635,3815,,
,635,3815,0.5695051550865173,0.0
0.1594674289226532,636,3821,,
,636,3821,0.5716782212257385,0.0
0.1879548281431198,637,3827,,
,637,3827,0.5905565023422241,0.0
0.19819484651088715,638,3833,,
,638,3833,0.5808616876602173,0.0
0.15152369439601898,639,3839,,
,639,3839,0.5359660387039185,0.0
0.20587579905986786,640,3845,,
,640,3845,0.5983790159225464,0.0
0.15149858593940735,641,3851,,
,641,3851,0.5365219116210938,0.0
0.1878235787153244,642,3857,,
,642,3857,0.566571831703186,0.0
0.14717067778110504,643,3863,,
,643,3863,0.5975069403648376,0.0
0.18989768624305725,644,3869,,
,644,3869,0.5699447989463806,0.0
0.18498779833316803,645,3875,,
,645,3875,0.5591082572937012,0.0
0.18785062432289124,646,3881,,
,646,3881,0.545446515083313,0.0
0.19131936132907867,647,3887,,
,647,3887,0.5361704230308533,0.0
0.14403733611106873,648,3893,,
,648,3893,0.548576831817627,0.0
0.20398388803005219,649,3899,,
,649,3899,0.5293295383453369,0.0
0.1717270165681839,650,3905,,
,650,3905,0.5627857446670532,0.0
0.18859882652759552,651,3911,,
,651,3911,0.5674163103103638,0.0
0.16286678612232208,652,3917,,
,652,3917,0.5979853272438049,0.0
0.17544236779212952,653,3923,,
,653,3923,0.6606006622314453,0.0
0.2381337732076645,654,3929,,
,654,3929,0.5693457126617432,0.0
0.12106934934854507,655,3935,,
,655,3935,0.5325116515159607,0.0
0.27092814445495605,656,3941,,
,656,3941,0.638332724571228,0.0
0.13003122806549072,657,3947,,
,657,3947,0.5695632696151733,0.0
0.24272873997688293,658,3953,,
,658,3953,0.6174858212471008,0.0
0.13322147727012634,659,3959,,
,659,3959,0.5363618731498718,0.0
0.21347585320472717,660,3965,,
,660,3965,0.5327748656272888,0.0
0.15464721620082855,661,3971,,
,661,3971,0.5569266676902771,0.0
0.18790490925312042,662,3977,,
,662,3977,0.5576873421669006,0.0
0.2006823569536209,663,3983,,
,663,3983,0.5209989547729492,0.0
0.1885366141796112,664,3989,,
,664,3989,0.530217707157135,0.0
0.18525896966457367,665,3995,,
,665,3995,0.525831937789917,0.0
0.1596972644329071,666,4001,,
,666,4001,0.5614300966262817,0.0
0.17706699669361115,667,4007,,
,667,4007,0.5494722723960876,0.0
0.20286819338798523,668,4013,,
,668,4013,0.5115088224411011,0.0
0.14721642434597015,669,4019,,
,669,4019,0.5961310267448425,0.0
0.25387054681777954,670,4025,,
,670,4025,0.6146731376647949,0.0
0.13475842773914337,671,4031,,
,671,4031,0.6221227049827576,0.0
0.21404805779457092,672,4037,,
,672,4037,0.5552369356155396,0.0
0.17473511397838593,673,4043,,
,673,4043,0.5493727922439575,0.0
0.1944832056760788,674,4049,,
,674,4049,0.5268329977989197,0.0
0.17923521995544434,675,4055,,
,675,4055,0.552983820438385,0.0
0.18023864924907684,676,4061,,
,676,4061,0.5274123549461365,0.0
0.1749020665884018,677,4067,,
,677,4067,0.5474094748497009,0.0
0.15609905123710632,678,4073,,
,678,4073,0.5800146460533142,0.0
0.19117562472820282,679,4079,,
,679,4079,0.5516896843910217,0.0
0.21477770805358887,680,4085,,
,680,4085,0.536344051361084,0.0
0.17564474046230316,681,4091,,
,681,4091,0.5219739079475403,0.0
0.1793948858976364,682,4097,,
,682,4097,0.5156228542327881,0.0
0.19806864857673645,683,4103,,
,683,4103,0.5299081802368164,0.0
0.17217186093330383,684,4109,,
,684,4109,0.5353692770004272,0.0
0.1754075139760971,685,4115,,
,685,4115,0.5093428492546082,0.0
0.1973528414964676,686,4121,,
,686,4121,0.5450448393821716,0.0
0.16180001199245453,687,4127,,
,687,4127,0.5166944861412048,0.0
0.15005041658878326,688,4133,,
,688,4133,0.5181007981300354,0.0
0.16547523438930511,689,4139,,
,689,4139,0.557395339012146,0.0
0.1687660962343216,690,4145,,
,690,4145,0.5249359607696533,0.0
0.19130806624889374,691,4151,,
,691,4151,0.5270261764526367,0.0
0.20138536393642426,692,4157,,
,692,4157,0.5158305764198303,0.0
0.15725605189800262,693,4163,,
,693,4163,0.5182592868804932,0.0
0.20982001721858978,694,4169,,
,694,4169,0.5356279015541077,0.0
0.15292397141456604,695,4175,,
,695,4175,0.5064964890480042,0.0
0.18775422871112823,696,4181,,
,696,4181,0.49840494990348816,0.0
0.2171153873205185,697,4187,,
,697,4187,0.5047504901885986,0.0
0.14008216559886932,698,4193,,
,698,4193,0.5121175050735474,0.0
0.24641834199428558,699,4199,,
,699,4199,0.49826082587242126,0.0
0.14414432644844055,700,4205,,
,700,4205,0.5382642149925232,0.0
0.17345550656318665,701,4211,,
,701,4211,0.5105469226837158,0.0
0.17024235427379608,702,4217,,
,702,4217,0.5007890462875366,0.0
0.20710571110248566,703,4223,,
,703,4223,0.529636025428772,0.0
0.15547867119312286,704,4229,,
,704,4229,0.5638206005096436,0.0
0.20249828696250916,705,4235,,
,705,4235,0.5367722511291504,0.0
0.24912436306476593,706,4241,,
,706,4241,0.5101468563079834,0.0
0.14214475452899933,707,4247,,
,707,4247,0.49320343136787415,0.0
0.2071426957845688,708,4253,,
,708,4253,0.5050562024116516,0.0
0.16880519688129425,709,4259,,
,709,4259,0.49352189898490906,0.0
0.19949765503406525,710,4265,,
,710,4265,0.5040015578269958,0.0
0.17263659834861755,711,4271,,
,711,4271,0.4992879629135132,0.0
0.1914871782064438,712,4277,,
,712,4277,0.5038173198699951,0.0
0.16272130608558655,713,4283,,
,713,4283,0.48496925830841064,0.0
0.20375490188598633,714,4289,,
,714,4289,0.4946221113204956,0.0
0.1636742353439331,715,4295,,
,715,4295,0.4730353355407715,0.0
0.17212356626987457,716,4301,,
,716,4301,0.4863029718399048,0.0
0.1960195153951645,717,4307,,
,717,4307,0.4969853162765503,0.0
0.18425095081329346,718,4313,,
,718,4313,0.5180226564407349,0.0
0.19772593677043915,719,4319,,
,719,4319,0.51102614402771,0.0
0.15703265368938446,720,4325,,
,720,4325,0.5210225582122803,0.0
0.20807480812072754,721,4331,,
,721,4331,0.482290655374527,0.0
0.14127634465694427,722,4337,,
,722,4337,0.535639226436615,0.0
0.22649776935577393,723,4343,,
,723,4343,0.5092110633850098,0.0
0.15631569921970367,724,4349,,
,724,4349,0.5049286484718323,0.0
0.21332888305187225,725,4355,,
,725,4355,0.4897213578224182,0.0
0.1506715565919876,726,4361,,
,726,4361,0.49343639612197876,0.0
0.23071567714214325,727,4367,,
,727,4367,0.49937164783477783,0.0
0.14920783042907715,728,4373,,
,728,4373,0.5128445029258728,0.0
0.17453594505786896,729,4379,,
,729,4379,0.48437532782554626,0.0
0.17962267994880676,730,4385,,
,730,4385,0.48220324516296387,0.0
0.18762993812561035,731,4391,,
,731,4391,0.5274710655212402,0.0
0.17059673368930817,732,4397,,
,732,4397,0.4696022868156433,0.0
0.16377922892570496,733,4403,,
,733,4403,0.49231967329978943,0.0
0.21626673638820648,734,4409,,
,734,4409,0.4900380074977875,0.0
0.1423574984073639,735,4415,,
,735,4415,0.5271468162536621,0.0
0.19324305653572083,736,4421,,
,736,4421,0.47524744272232056,0.0
0.15438087284564972,737,4427,,
,737,4427,0.49381837248802185,0.0
0.2275085598230362,738,4433,,
,738,4433,0.498202919960022,0.0
0.17273995280265808,739,4439,,
,739,4439,0.49284180998802185,0.0
0.2035359889268875,740,4445,,
,740,4445,0.48572224378585815,0.0
0.1876906305551529,741,4451,,
,741,4451,0.48974698781967163,0.0
0.1452857106924057,742,4457,,
,742,4457,0.4939446747303009,0.0
0.228221133351326,743,4463,,
,743,4463,0.49087274074554443,0.0
0.14442762732505798,744,4469,,
,744,4469,0.4970646798610687,0.0
0.26917868852615356,745,4475,,
,745,4475,0.5040117502212524,0.0
0.1356048882007599,746,4481,,
,746,4481,0.49502620100975037,0.0
0.2780930697917938,747,4487,,
,747,4487,0.5287929177284241,0.0
0.129201740026474,748,4493,,
,748,4493,0.5211489796638489,0.0
0.2178008258342743,749,4499,,
,749,4499,0.5235235691070557,0.0
0.18331220746040344,750,4505,,
,750,4505,0.4737863838672638,0.0
0.20296666026115417,751,4511,,
,751,4511,0.47808077931404114,0.0
0.17290671169757843,752,4517,,
,752,4517,0.467702716588974,0.0
0.2150859832763672,753,4523,,
,753,4523,0.4848127067089081,0.0
0.17129793763160706,754,4529,,
,754,4529,0.43721577525138855,0.0
0.2428005039691925,755,4535,,
,755,4535,0.5105276107788086,0.0
0.15305949747562408,756,4541,,
,756,4541,0.5124866366386414,0.0
0.17003583908081055,757,4547,,
,757,4547,0.4601108133792877,0.0
0.2142527550458908,758,4553,,
,758,4553,0.49134573340415955,0.0
0.1565924733877182,759,4559,,
,759,4559,0.5114861130714417,0.0
0.16977466642856598,760,4565,,
,760,4565,0.512903094291687,0.0
0.20007464289665222,761,4571,,
,761,4571,0.46997955441474915,0.0
0.19364215433597565,762,4577,,
,762,4577,0.47756245732307434,0.0
0.17068877816200256,763,4583,,
,763,4583,0.4717656075954437,0.0
0.1767115592956543,764,4589,,
,764,4589,0.48062559962272644,0.0
0.17876198887825012,765,4595,,
,765,4595,0.4627046585083008,0.0
0.17225611209869385,766,4601,,
,766,4601,0.46424737572669983,0.0
0.18515758216381073,767,4607,,
,767,4607,0.48679932951927185,0.0
0.16509543359279633,768,4613,,
,768,4613,0.5203472375869751,0.0
0.1980007439851761,769,4619,,
,769,4619,0.525429904460907,0.0
0.1862291544675827,770,4625,,
,770,4625,0.5430434346199036,0.0
0.17222900688648224,771,4631,,
,771,4631,0.5150712728500366,0.0
0.19679009914398193,772,4637,,
,772,4637,0.5026391744613647,0.0
0.17070265114307404,773,4643,,
,773,4643,0.4885946810245514,0.0
0.20019324123859406,774,4649,,
,774,4649,0.4643288552761078,0.0
0.20452569425106049,775,4655,,
,775,4655,0.47584497928619385,0.0
0.21087172627449036,776,4661,,
,776,4661,0.43131473660469055,0.0
0.15996889770030975,777,4667,,
,777,4667,0.43064314126968384,0.0
0.17934060096740723,778,4673,,
,778,4673,0.4534060060977936,0.0
0.15904593467712402,779,4679,,
,779,4679,0.4925452470779419,0.0
0.22952856123447418,780,4685,,
,780,4685,0.48642510175704956,0.0
0.14176395535469055,781,4691,,
,781,4691,0.46381115913391113,0.0
0.20038282871246338,782,4697,,
,782,4697,0.4322779178619385,0.0
0.1883578598499298,783,4703,,
,783,4703,0.4444878399372101,0.0
0.1506655216217041,784,4709,,
,784,4709,0.43130916357040405,0.0
0.21080270409584045,785,4715,,
,785,4715,0.47301068902015686,0.0
0.1751185953617096,786,4721,,
,786,4721,0.46996647119522095,0.0
0.1634741574525833,787,4727,,
,787,4727,0.44490620493888855,0.0
0.20150674879550934,788,4733,,
,788,4733,0.47492602467536926,0.0
0.17476584017276764,789,4739,,
,789,4739,0.4143100380897522,0.0
0.19102168083190918,790,4745,,
,790,4745,0.45783931016921997,0.0
0.16920879483222961,791,4751,,
,791,4751,0.45544344186782837,0.0
0.1690274327993393,792,4757,,
,792,4757,0.4187682867050171,0.0
0.21522550284862518,793,4763,,
,793,4763,0.4643884003162384,0.0
0.14896322786808014,794,4769,,
,794,4769,0.45501795411109924,0.0
0.22065232694149017,795,4775,,
,795,4775,0.4301467835903168,0.0
0.16638192534446716,796,4781,,
,796,4781,0.47736409306526184,0.0
0.19211913645267487,797,4787,,
,797,4787,0.4511432349681854,0.0
0.17582379281520844,798,4793,,
,798,4793,0.45250552892684937,0.0
0.18927954137325287,799,4799,,
,799,4799,0.46932336688041687,0.0
0.1518930047750473,800,4805,,
,800,4805,0.46131962537765503,0.0
0.24484361708164215,801,4811,,
,801,4811,0.47381287813186646,0.0
0.15562844276428223,802,4817,,
,802,4817,0.4209887981414795,0.0
0.26032739877700806,803,4823,,
,803,4823,0.4627908766269684,0.0
0.18344280123710632,804,4829,,
,804,4829,0.4461907744407654,0.0
0.21967723965644836,805,4835,,
,805,4835,0.46137532591819763,0.0
0.15666379034519196,806,4841,,
,806,4841,0.4830593466758728,0.0
0.265363872051239,807,4847,,
,807,4847,0.47953784465789795,0.0
0.20753195881843567,808,4853,,
,808,4853,0.4679657220840454,0.0
0.17340362071990967,809,4859,,
,809,4859,0.48048970103263855,0.0
0.2527991235256195,810,4865,,
,810,4865,0.4342919588088989,0.0
0.13255749642848969,811,4871,,
,811,4871,0.50885409116745,0.0
0.2317562997341156,812,4877,,
,812,4877,0.4844493269920349,0.0
0.17203661799430847,813,4883,,
,813,4883,0.4313514530658722,0.0
0.19120196998119354,814,4889,,
,814,4889,0.4482401907444,0.0
0.17465804517269135,815,4895,,
,815,4895,0.4078500270843506,0.0
0.16948802769184113,816,4901,,
,816,4901,0.43053993582725525,0.0
0.1692093163728714,817,4907,,
,817,4907,0.4504959285259247,0.0
0.20074273645877838,818,4913,,
,818,4913,0.42707517743110657,0.0
0.14845409989356995,819,4919,,
,819,4919,0.41361403465270996,0.0
0.2618734538555145,820,4925,,
,820,4925,0.4780295491218567,0.0
0.1447986215353012,821,4931,,
,821,4931,0.4955624043941498,0.0
0.2238355129957199,822,4937,,
,822,4937,0.46971774101257324,0.0
0.16575251519680023,823,4943,,
,823,4943,0.45035073161125183,0.0
0.20915237069129944,824,4949,,
,824,4949,0.4574544429779053,0.0
0.18285100162029266,825,4955,,
,825,4955,0.4326011836528778,0.0
0.16065111756324768,826,4961,,
,826,4961,0.40485405921936035,0.0
0.260799765586853,827,4967,,
,827,4967,0.465414434671402,0.0
0.1568843126296997,828,4973,,
,828,4973,0.41737282276153564,0.0
0.23299455642700195,829,4979,,
,829,4979,0.41784319281578064,0.0
0.169969841837883,830,4985,,
,830,4985,0.43747925758361816,0.0
0.20307068526744843,831,4991,,
,831,4991,0.4365157186985016,0.0
0.16547982394695282,832,4997,,
,832,4997,0.4006272256374359,0.0
0.24240361154079437,833,5003,,
,833,5003,0.43719974160194397,0.0
0.138886496424675,834,5009,,
,834,5009,0.43573465943336487,0.0
0.26396644115448,835,5015,,
,835,5015,0.48284289240837097,0.0
0.15410588681697845,836,5021,,
,836,5021,0.46311330795288086,0.0
0.17269262671470642,837,5027,,
,837,5027,0.44077181816101074,0.0
0.1501924991607666,838,5033,,
,838,5033,0.43535274267196655,0.0
0.21653832495212555,839,5039,,
,839,5039,0.4453487694263458,0.0
0.1687556654214859,840,5045,,
,840,5045,0.4359806776046753,0.0
0.24592815339565277,841,5051,,
,841,5051,0.4312514364719391,0.0
0.16432155668735504,842,5057,,
,842,5057,0.4065077602863312,0.0
0.1733168512582779,843,5063,,
,843,5063,0.41223350167274475,0.0
0.20322087407112122,844,5069,,
,844,5069,0.41863951086997986,0.0
0.2236359864473343,845,5075,,
,845,5075,0.43164387345314026,0.0
0.19000813364982605,846,5081,,
,846,5081,0.43319791555404663,0.0
0.16147170960903168,847,5087,,
,847,5087,0.3918788433074951,0.0
0.23422537744045258,848,5093,,
,848,5093,0.4039023518562317,0.0
0.18250849843025208,849,5099,,
,849,5099,0.4458440840244293,0.0
0.16781708598136902,850,5105,,
,850,5105,0.45731645822525024,0.0
0.22768299281597137,851,5111,,
,851,5111,0.42287808656692505,0.0
0.13973544538021088,852,5117,,
,852,5117,0.4316011667251587,0.0
0.18810977041721344,853,5123,,
,853,5123,0.4189019203186035,0.0
0.17563673853874207,854,5129,,
,854,5129,0.41234177350997925,0.0
0.19145843386650085,855,5135,,
,855,5135,0.4179525375366211,0.0
0.18606342375278473,856,5141,,
,856,5141,0.4133152365684509,0.0
0.16207703948020935,857,5147,,
,857,5147,0.4589774012565613,0.0
0.25519636273384094,858,5153,,
,858,5153,0.4872450530529022,0.0
0.15755073726177216,859,5159,,
,859,5159,0.432620644569397,0.0
0.17369331419467926,860,5165,,
,860,5165,0.4401548206806183,0.0
0.18881776928901672,861,5171,,
,861,5171,0.3977791666984558,0.0
0.20163841545581818,862,5177,,
,862,5177,0.4287482500076294,0.0
0.1693117618560791,863,5183,,
,863,5183,0.4040336310863495,0.0
0.2530594766139984,864,5189,,
,864,5189,0.3603299558162689,0.0
0.1966460794210434,865,5195,,
,865,5195,0.4595872163772583,0.0
0.15163712203502655,866,5201,,
,866,5201,0.4247877895832062,0.0
0.2758011221885681,867,5207,,
,867,5207,0.42258235812187195,0.0
0.12378130853176117,868,5213,,
,868,5213,0.5078453421592712,0.0
0.2944534718990326,869,5219,,
,869,5219,0.45783987641334534,0.0
0.13298586010932922,870,5225,,
,870,5225,0.43953728675842285,0.0
0.2784149944782257,871,5231,,
,871,5231,0.46115970611572266,0.0
0.14217592775821686,872,5237,,
,872,5237,0.41567179560661316,0.0
0.2620510160923004,873,5243,,
,873,5243,0.4741229712963104,0.0
0.17254087328910828,874,5249,,
,874,5249,0.4023011326789856,0.0
0.22589156031608582,875,5255,,
,875,5255,0.43016815185546875,0.0
0.17919540405273438,876,5261,,
,876,5261,0.3858949840068817,0.0
0.21303772926330566,877,5267,,
,877,5267,0.3904387652873993,0.0
0.19151927530765533,878,5273,,
,878,5273,0.40759721398353577,0.0
0.1887740194797516,879,5279,,
,879,5279,0.3907131850719452,0.0
0.1737150102853775,880,5285,,
,880,5285,0.39008039236068726,0.0
0.17713049054145813,881,5291,,
,881,5291,0.4254530966281891,0.0
0.20709340274333954,882,5297,,
,882,5297,0.3971375823020935,0.0
0.17985758185386658,883,5303,,
,883,5303,0.4198835492134094,0.0
0.17757466435432434,884,5309,,
,884,5309,0.4092538058757782,0.0
0.20466962456703186,885,5315,,
,885,5315,0.40400430560112,0.0
0.18280242383480072,886,5321,,
,886,5321,0.3871013820171356,0.0
0.19556531310081482,887,5327,,
,887,5327,0.4093002676963806,0.0
0.20322434604167938,888,5333,,
,888,5333,0.39009854197502136,0.0
0.1835547536611557,889,5339,,
,889,5339,0.403656005859375,0.0
0.19042737782001495,890,5345,,
,890,5345,0.3996817469596863,0.0
0.22610433399677277,891,5351,,
,891,5351,0.39356353878974915,0.0
0.16814540326595306,892,5357,,
,892,5357,0.37304580211639404,0.0
0.23275668919086456,893,5363,,
,893,5363,0.41954338550567627,0.0
0.16415826976299286,894,5369,,
,894,5369,0.38221490383148193,0.0
0.2515445649623871,895,5375,,
,895,5375,0.4250662326812744,0.0
0.15388815104961395,896,5381,,
,896,5381,0.4176386892795563,0.0
0.231061190366745,897,5387,,
,897,5387,0.40075191855430603,0.0
0.1559196561574936,898,5393,,
,898,5393,0.4005917012691498,0.0
0.27254968881607056,899,5399,,
,899,5399,0.38758498430252075,0.0
0.14157915115356445,900,5405,,
,900,5405,0.4621609151363373,0.0
0.23665349185466766,901,5411,,
,901,5411,0.4019175171852112,0.0
0.1608504354953766,902,5417,,
,902,5417,0.39086753129959106,0.0
0.20499087870121002,903,5423,,
,903,5423,0.39838293194770813,0.0
0.20673973858356476,904,5429,,
,904,5429,0.3777022361755371,0.0
0.20880010724067688,905,5435,,
,905,5435,0.3934185206890106,0.0
0.14949318766593933,906,5441,,
,906,5441,0.37959760427474976,0.0
0.22414036095142365,907,5447,,
,907,5447,0.3842605650424957,0.0
0.1872841864824295,908,5453,,
,908,5453,0.40494582056999207,0.0
0.22705307602882385,909,5459,,
,909,5459,0.38289526104927063,0.0
0.20405273139476776,910,5465,,
,910,5465,0.4329403340816498,0.0
0.16085723042488098,911,5471,,
,911,5471,0.45470646023750305,0.0
0.22369003295898438,912,5477,,
,912,5477,0.44353553652763367,0.0
0.1322297751903534,913,5483,,
,913,5483,0.4656679034233093,0.0
0.2796853184700012,914,5489,,
,914,5489,0.4482462406158447,0.0
0.1711844652891159,915,5495,,
,915,5495,0.39942002296447754,0.0
0.22381509840488434,916,5501,,
,916,5501,0.4085230529308319,0.0
0.218369260430336,917,5507,,
,917,5507,0.4845971465110779,0.0
0.16709034144878387,918,5513,,
,918,5513,0.4495859742164612,0.0
0.2511400580406189,919,5519,,
,919,5519,0.45151272416114807,0.0
0.16436386108398438,920,5525,,
,920,5525,0.4192363917827606,0.0
0.22979934513568878,921,5531,,
,921,5531,0.441226989030838,0.0
0.20416796207427979,922,5537,,
,922,5537,0.3855380713939667,0.0
0.18189576268196106,923,5543,,
,923,5543,0.3634170889854431,0.0
0.25278782844543457,924,5549,,
,924,5549,0.40089043974876404,0.0
0.14508867263793945,925,5555,,
,925,5555,0.40385982394218445,0.0
0.22358830273151398,926,5561,,
,926,5561,0.38984909653663635,0.0
0.16452182829380035,927,5567,,
,927,5567,0.4047318398952484,0.0
0.19262968003749847,928,5573,,
,928,5573,0.38004228472709656,0.0
0.2260509878396988,929,5579,,
,929,5579,0.3727744221687317,0.0
0.1438586413860321,930,5585,,
,930,5585,0.3638511300086975,0.0
0.21363864839076996,931,5591,,
,931,5591,0.4071260690689087,0.0
0.16797825694084167,932,5597,,
,932,5597,0.3833785951137543,0.0
0.29422658681869507,933,5603,,
,933,5603,0.4165630638599396,0.0
0.15423987805843353,934,5609,,
,934,5609,0.4195994436740875,0.0
0.24335233867168427,935,5615,,
,935,5615,0.38677260279655457,0.0
0.15178561210632324,936,5621,,
,936,5621,0.39641547203063965,0.0
0.2049953192472458,937,5627,,
,937,5627,0.3908334970474243,0.0
0.18945519626140594,938,5633,,
,938,5633,0.360684871673584,0.0
0.17165197432041168,939,5639,,
,939,5639,0.3782917857170105,0.0
0.22631917893886566,940,5645,,
,940,5645,0.38044336438179016,0.0
0.1661442071199417,941,5651,,
,941,5651,0.3857088088989258,0.0
0.22203411161899567,942,5657,,
,942,5657,0.3742896318435669,0.0
0.1305692344903946,943,5663,,
,943,5663,0.3847951889038086,0.0
0.2791442275047302,944,5669,,
,944,5669,0.36675825715065,0.0
0.17154063284397125,945,5675,,
,945,5675,0.381460040807724,0.0
0.26797160506248474,946,5681,,
,946,5681,0.37531518936157227,0.0
0.143807053565979,947,5687,,
,947,5687,0.4197413921356201,0.0
0.2813464105129242,948,5693,,
,948,5693,0.3980630934238434,0.0
0.15493431687355042,949,5699,,
,949,5699,0.3854065239429474,0.0
0.22150839865207672,950,5705,,
,950,5705,0.374300479888916,0.0
0.14037060737609863,951,5711,,
,951,5711,0.3692009150981903,0.0
0.22276106476783752,952,5717,,
,952,5717,0.3867565393447876,0.0
0.18446390330791473,953,5723,,
,953,5723,0.3613806664943695,0.0
0.21525755524635315,954,5729,,
,954,5729,0.36969974637031555,0.0
0.16527602076530457,955,5735,,
,955,5735,0.37729910016059875,0.0
0.19736933708190918,956,5741,,
,956,5741,0.38122740387916565,0.0
0.16784630715847015,957,5747,,
,957,5747,0.3714424967765808,0.0
0.18713581562042236,958,5753,,
,958,5753,0.36599069833755493,0.0
0.1988726407289505,959,5759,,
,959,5759,0.33105045557022095,0.0
0.2147432118654251,960,5765,,
,960,5765,0.3806094825267792,0.0
0.1673898696899414,961,5771,,
,961,5771,0.3935299217700958,0.0
0.22517432272434235,962,5777,,
,962,5777,0.34196606278419495,0.0
0.19282305240631104,963,5783,,
,963,5783,0.35116493701934814,0.0
0.15998533368110657,964,5789,,
,964,5789,0.35031619668006897,0.0
0.20405223965644836,965,5795,,
,965,5795,0.37376669049263,0.0
0.21611304581165314,966,5801,,
,966,5801,0.34089577198028564,0.0
0.21893417835235596,967,5807,,
,967,5807,0.36772841215133667,0.0
0.14663065969944,968,5813,,
,968,5813,0.36992785334587097,0.0
0.24499332904815674,969,5819,,
,969,5819,0.336165189743042,0.0
0.1529376208782196,970,5825,,
,970,5825,0.34521201252937317,0.0
0.23839935660362244,971,5831,,
,971,5831,0.3347001373767853,0.0
0.13227102160453796,972,5837,,
,972,5837,0.4218146502971649,0.0
0.2721312642097473,973,5843,,
,973,5843,0.4087173640727997,0.0
0.14117048680782318,974,5849,,
,974,5849,0.39308470487594604,0.0
0.25716432929039,975,5855,,
,975,5855,0.39865121245384216,0.0
0.14058087766170502,976,5861,,
,976,5861,0.3311786353588104,0.0
0.21673817932605743,977,5867,,
,977,5867,0.3723262548446655,0.0
0.20124223828315735,978,5873,,
,978,5873,0.33614665269851685,0.0
0.18853847682476044,979,5879,,
,979,5879,0.32545745372772217,0.0
0.19310607016086578,980,5885,,
,980,5885,0.3422848880290985,0.0
0.20786969363689423,981,5891,,
,981,5891,0.37688130140304565,0.0
0.238357275724411,982,5897,,
,982,5897,0.33911681175231934,0.0
0.14260607957839966,983,5903,,
,983,5903,0.35977715253829956,0.0
0.25684964656829834,984,5909,,
,984,5909,0.3770843744277954,0.0
0.17461487650871277,985,5915,,
,985,5915,0.33784449100494385,0.0
0.23417551815509796,986,5921,,
,986,5921,0.34720316529273987,0.0
0.24180378019809723,987,5927,,
,987,5927,0.3611493408679962,0.0
0.1628521829843521,988,5933,,
,988,5933,0.3819510042667389,0.0
0.2796021103858948,989,5939,,
,989,5939,0.3683694899082184,0.0
0.15597523748874664,990,5945,,
,990,5945,0.34641820192337036,0.0
0.275831937789917,991,5951,,
,991,5951,0.3356187045574188,0.0
0.16623075306415558,992,5957,,
,992,5957,0.36297664046287537,0.0
0.22205139696598053,993,5963,,
,993,5963,0.34252551198005676,0.0
0.22578296065330505,994,5969,,
,994,5969,0.3521340489387512,0.0
0.17134550213813782,995,5975,,
,995,5975,0.348271906375885,0.0
0.2126411646604538,996,5981,,
,996,5981,0.34557846188545227,0.0
0.1746702492237091,997,5987,,
,997,5987,0.35404905676841736,0.0
0.20657379925251007,998,5993,,
,998,5993,0.35006335377693176,0.0
0.2169964611530304,999,5999,,
,999,5999,0.3360952138900757,0.0
0.12790895998477936,1000,6005,,
,1000,6005,0.38381901383399963,0.0
0.36186450719833374,1001,6011,,
,1001,6011,0.41171523928642273,0.0
0.11651638895273209,1002,6017,,
,1002,6017,0.4326573312282562,0.0
0.37264010310173035,1003,6023,,
,1003,6023,0.4451037049293518,0.0
0.1255616694688797,1004,6029,,
,1004,6029,0.42667216062545776,0.0
0.3058924674987793,1005,6035,,
,1005,6035,0.3592713475227356,0.0
0.1651994287967682,1006,6041,,
,1006,6041,0.36774206161499023,0.0
0.2058219462633133,1007,6047,,
,1007,6047,0.3296961486339569,0.0
0.23057320713996887,1008,6053,,
,1008,6053,0.3486727774143219,0.0
0.15981926023960114,1009,6059,,
,1009,6059,0.35996532440185547,0.0
0.2473701536655426,1010,6065,,
,1010,6065,0.3283439576625824,0.0
0.16485966742038727,1011,6071,,
,1011,6071,0.3511592149734497,0.0
0.22595737874507904,1012,6077,,
,1012,6077,0.34891748428344727,0.0
0.22819125652313232,1013,6083,,
,1013,6083,0.3534536361694336,0.0
0.2124231904745102,1014,6089,,
,1014,6089,0.33815085887908936,0.0
0.24097801744937897,1015,6095,,
,1015,6095,0.3469396233558655,0.0
0.16018356382846832,1016,6101,,
,1016,6101,0.3413008749485016,0.0
0.20303234457969666,1017,6107,,
,1017,6107,0.35450345277786255,0.0
0.2075696438550949,1018,6113,,
,1018,6113,0.3142364025115967,0.0
0.1961204707622528,1019,6119,,
,1019,6119,0.3536936938762665,0.0
0.16523787379264832,1020,6125,,
,1020,6125,0.3526315987110138,0.0
0.22489868104457855,1021,6131,,
,1021,6131,0.3339056074619293,0.0
0.24058973789215088,1022,6137,,
,1022,6137,0.3425619304180145,0.0
0.17465735971927643,1023,6143,,
,1023,6143,0.3184025287628174,0.0
0.21311675012111664,1024,6149,,
,1024,6149,0.32091715931892395,0.0
0.19479604065418243,1025,6155,,
,1025,6155,0.31315720081329346,0.0
0.1803217977285385,1026,6161,,
,1026,6161,0.3249031901359558,0.0
0.20798836648464203,1027,6167,,
,1027,6167,0.3383978307247162,0.0
0.1873202621936798,1028,6173,,
,1028,6173,0.2949940860271454,0.0
0.19048677384853363,1029,6179,,
,1029,6179,0.3102734386920929,0.0
0.19094689190387726,1030,6185,,
,1030,6185,0.3447553515434265,0.0
0.22675789892673492,1031,6191,,
,1031,6191,0.32502445578575134,0.0
0.1463378220796585,1032,6197,,
,1032,6197,0.32749101519584656,0.0
0.32054558396339417,1033,6203,,
,1033,6203,0.36570578813552856,0.0
0.1271081268787384,1034,6209,,
,1034,6209,0.3384305536746979,0.0
0.33613142371177673,1035,6215,,
,1035,6215,0.3863644003868103,0.0
0.12497083097696304,1036,6221,,
,1036,6221,0.3759933114051819,0.0
0.3904571235179901,1037,6227,,
,1037,6227,0.3337755799293518,0.0
0.13013263046741486,1038,6233,,
,1038,6233,0.39101144671440125,0.0
0.2598547339439392,1039,6239,,
,1039,6239,0.34824085235595703,0.0
0.19779570400714874,1040,6245,,
,1040,6245,0.3536299467086792,0.0
0.22376777231693268,1041,6251,,
,1041,6251,0.3235396444797516,0.0
0.17731063067913055,1042,6257,,
,1042,6257,0.3224712014198303,0.0
0.21468022465705872,1043,6263,,
,1043,6263,0.33333781361579895,0.0
0.17291821539402008,1044,6269,,
,1044,6269,0.3298511207103729,0.0
0.22837091982364655,1045,6275,,
,1045,6275,0.3185984790325165,0.0
0.17005155980587006,1046,6281,,
,1046,6281,0.3491936922073364,0.0
0.19364240765571594,1047,6287,,
,1047,6287,0.32751986384391785,0.0
0.2445577085018158,1048,6293,,
,1048,6293,0.3181593418121338,0.0
0.1591271311044693,1049,6299,,
,1049,6299,0.3094997704029083,0.0
0.1952465921640396,1050,6305,,
,1050,6305,0.3504367470741272,0.0
0.21456994116306305,1051,6311,,
,1051,6311,0.33215001225471497,0.0
0.16459770500659943,1052,6317,,
,1052,6317,0.3396201729774475,0.0
0.230386883020401,1053,6323,,
,1053,6323,0.2877337336540222,0.0
0.19582641124725342,1054,6329,,
,1054,6329,0.3072090744972229,0.0
0.1591111272573471,1055,6335,,
,1055,6335,0.3263453543186188,0.0
0.27193617820739746,1056,6341,,
,1056,6341,0.3409375846385956,0.0
0.15036097168922424,1057,6347,,
,1057,6347,0.37706756591796875,0.0
0.26896217465400696,1058,6353,,
,1058,6353,0.338588684797287,0.0
0.1520233452320099,1059,6359,,
,1059,6359,0.3648293614387512,0.0
0.2424960434436798,1060,6365,,
,1060,6365,0.29494619369506836,0.0
0.1396293044090271,1061,6371,,
,1061,6371,0.3348229229450226,0.0
0.2863105833530426,1062,6377,,
,1062,6377,0.32980048656463623,0.0
0.15291666984558105,1063,6383,,
,1063,6383,0.343922883272171,0.0
0.25549277663230896,1064,6389,,
,1064,6389,0.31649619340896606,0.0
0.19737745821475983,1065,6395,,
,1065,6395,0.32856905460357666,0.0
0.18913932144641876,1066,6401,,
,1066,6401,0.3379184901714325,0.0
0.2536289095878601,1067,6407,,
,1067,6407,0.32875996828079224,0.0
0.15528129041194916,1068,6413,,
,1068,6413,0.3242260813713074,0.0
0.22958795726299286,1069,6419,,
,1069,6419,0.3346730172634125,0.0
0.19104568660259247,1070,6425,,
,1070,6425,0.29294055700302124,0.0
0.23058822751045227,1071,6431,,
,1071,6431,0.29978129267692566,0.0
0.19700945913791656,1072,6437,,
,1072,6437,0.323652446269989,0.0
0.15980349481105804,1073,6443,,
,1073,6443,0.30888187885284424,0.0
0.2925940155982971,1074,6449,,
,1074,6449,0.28244104981422424,0.0
0.13443389534950256,1075,6455,,
,1075,6455,0.32336121797561646,0.0
0.26372140645980835,1076,6461,,
,1076,6461,0.3109133839607239,0.0
0.17098776996135712,1077,6467,,
,1077,6467,0.3052830100059509,0.0
0.2669471204280853,1078,6473,,
,1078,6473,0.3175032436847687,0.0
0.19847388565540314,1079,6479,,
,1079,6479,0.30933624505996704,0.0
0.20027463138103485,1080,6485,,
,1080,6485,0.3298119008541107,0.0
0.18741066753864288,1081,6491,,
,1081,6491,0.2755984663963318,0.0
0.16563476622104645,1082,6497,,
,1082,6497,0.3399887979030609,0.0
0.21217350661754608,1083,6503,,
,1083,6503,0.32990068197250366,0.0
0.18311354517936707,1084,6509,,
,1084,6509,0.32511159777641296,0.0
0.2504873275756836,1085,6515,,
,1085,6515,0.3274584710597992,0.0
0.15374991297721863,1086,6521,,
,1086,6521,0.3404150605201721,0.0
0.2883182466030121,1087,6527,,
,1087,6527,0.3157700300216675,0.0
0.1628466099500656,1088,6533,,
,1088,6533,0.32807958126068115,0.0
0.20899808406829834,1089,6539,,
,1089,6539,0.3114413022994995,0.0
0.14380933344364166,1090,6545,,
,1090,6545,0.30063745379447937,0.0
0.260940819978714,1091,6551,,
,1091,6551,0.2996956706047058,0.0
0.15846791863441467,1092,6557,,
,1092,6557,0.28725799918174744,0.0
0.22837312519550323,1093,6563,,
,1093,6563,0.3262791931629181,0.0
0.19639571011066437,1094,6569,,
,1094,6569,0.29676592350006104,0.0
0.1863238662481308,1095,6575,,
,1095,6575,0.3166862428188324,0.0
0.20961250364780426,1096,6581,,
,1096,6581,0.31847918033599854,0.0
0.1569613516330719,1097,6587,,
,1097,6587,0.30100029706954956,0.0
0.2683362364768982,1098,6593,,
,1098,6593,0.30403944849967957,0.0
0.15231280028820038,1099,6599,,
,1099,6599,0.29552239179611206,0.0
0.31535863876342773,1100,6605,,
,1100,6605,0.32211360335350037,0.0
0.19167518615722656,1101,6611,,
,1101,6611,0.32110971212387085,0.0
0.28242793679237366,1102,6617,,
,1102,6617,0.30485302209854126,0.0
0.13821111619472504,1103,6623,,
,1103,6623,0.325398325920105,0.0
0.25731679797172546,1104,6629,,
,1104,6629,0.3246498107910156,0.0
0.17696642875671387,1105,6635,,
,1105,6635,0.29230746626853943,0.0
0.22741161286830902,1106,6641,,
,1106,6641,0.30121728777885437,0.0
0.23144343495368958,1107,6647,,
,1107,6647,0.33908677101135254,0.0
0.17724677920341492,1108,6653,,
,1108,6653,0.3478792607784271,0.0
0.2858026921749115,1109,6659,,
,1109,6659,0.30768266320228577,0.0
0.15987350046634674,1110,6665,,
,1110,6665,0.29902184009552,0.0
0.187226340174675,1111,6671,,
,1111,6671,0.2804127633571625,0.0
0.2652220129966736,1112,6677,,
,1112,6677,0.30076202750205994,0.0
0.13867464661598206,1113,6683,,
,1113,6683,0.2934737503528595,0.0
0.2623102366924286,1114,6689,,
,1114,6689,0.3128403425216675,0.0
0.23173058032989502,1115,6695,,
,1115,6695,0.3221989572048187,0.0
0.19798898696899414,1116,6701,,
,1116,6701,0.2986639440059662,0.0
0.18949635326862335,1117,6707,,
,1117,6707,0.27452459931373596,0.0
0.179075688123703,1118,6713,,
,1118,6713,0.29634222388267517,0.0
0.2297128587961197,1119,6719,,
,1119,6719,0.2935216426849365,0.0
0.15835602581501007,1120,6725,,
,1120,6725,0.2901048958301544,0.0
0.2605762779712677,1121,6731,,
,1121,6731,0.2873503863811493,0.0
0.21459746360778809,1122,6737,,
,1122,6737,0.3335381746292114,0.0
0.1663665473461151,1123,6743,,
,1123,6743,0.3548761308193207,0.0
0.2353181093931198,1124,6749,,
,1124,6749,0.2791641652584076,0.0
0.17185485363006592,1125,6755,,
,1125,6755,0.28466153144836426,0.0
0.2523142397403717,1126,6761,,
,1126,6761,0.27359911799430847,0.0
0.14778025448322296,1127,6767,,
,1127,6767,0.28608712553977966,0.0
0.24974431097507477,1128,6773,,
,1128,6773,0.32323747873306274,0.0
0.16392795741558075,1129,6779,,
,1129,6779,0.3010494112968445,0.0
0.2495059221982956,1130,6785,,
,1130,6785,0.2838270664215088,0.0
0.19625528156757355,1131,6791,,
,1131,6791,0.2946949899196625,0.0
0.19205424189567566,1132,6797,,
,1132,6797,0.28851673007011414,0.0
0.26659274101257324,1133,6803,,
,1133,6803,0.3061482906341553,0.0
0.13918627798557281,1134,6809,,
,1134,6809,0.3067508935928345,0.0
0.3072887063026428,1135,6815,,
,1135,6815,0.3486913740634918,0.0
0.13215355575084686,1136,6821,,
,1136,6821,0.29509201645851135,0.0
0.25608381628990173,1137,6827,,
,1137,6827,0.40943658351898193,0.0
0.1944429874420166,1138,6833,,
,1138,6833,0.30993255972862244,0.0
0.1891011893749237,1139,6839,,
,1139,6839,0.28286826610565186,0.0
0.20970222353935242,1140,6845,,
,1140,6845,0.28610745072364807,0.0
0.303206205368042,1141,6851,,
,1141,6851,0.3305432200431824,0.0
0.1609714776277542,1142,6857,,
,1142,6857,0.3332965075969696,0.0
0.22902297973632812,1143,6863,,
,1143,6863,0.27137085795402527,0.0
0.1653982251882553,1144,6869,,
,1144,6869,0.29002782702445984,0.0
0.23659411072731018,1145,6875,,
,1145,6875,0.2856593728065491,0.0
0.16152240335941315,1146,6881,,
,1146,6881,0.2731708288192749,0.0
0.30370256304740906,1147,6887,,
,1147,6887,0.24860890209674835,0.0
0.14363603293895721,1148,6893,,
,1148,6893,0.3214099109172821,0.0
0.24781663715839386,1149,6899,,
,1149,6899,0.3283277153968811,0.0
0.28156957030296326,1150,6905,,
,1150,6905,0.33986181020736694,0.0
0.1858251392841339,1151,6911,,
,1151,6911,0.3196461498737335,0.0
0.19030897319316864,1152,6917,,
,1152,6917,0.2839057743549347,0.0
0.22573277354240417,1153,6923,,
,1153,6923,0.29902276396751404,0.0
0.15924525260925293,1154,6929,,
,1154,6929,0.28637760877609253,0.0
0.26511430740356445,1155,6935,,
,1155,6935,0.2590494155883789,0.0
0.1699724942445755,1156,6941,,
,1156,6941,0.294128954410553,0.0
0.23119975626468658,1157,6947,,
,1157,6947,0.2517685294151306,0.0
0.1902565062046051,1158,6953,,
,1158,6953,0.2862713038921356,0.0
0.2725702226161957,1159,6959,,
,1159,6959,0.2728015184402466,0.0
0.18823860585689545,1160,6965,,
,1160,6965,0.2867806851863861,0.0
0.24537202715873718,1161,6971,,
,1161,6971,0.2688024044036865,0.0
0.18871267139911652,1162,6977,,
,1162,6977,0.26448681950569153,0.0
0.2770664095878601,1163,6983,,
,1163,6983,0.29018542170524597,0.0
0.1534648984670639,1164,6989,,
,1164,6989,0.2737366557121277,0.0
0.2857027053833008,1165,6995,,
,1165,6995,0.2688615918159485,0.0
0.16826830804347992,1166,7001,,
,1166,7001,0.25504976511001587,0.0
0.27999401092529297,1167,7007,,
,1167,7007,0.27901002764701843,0.0
0.145606130361557,1168,7013,,
,1168,7013,0.29516249895095825,0.0
0.28958168625831604,1169,7019,,
,1169,7019,0.28277406096458435,0.0
0.18574140965938568,1170,7025,,
,1170,7025,0.2719525992870331,0.0
0.23689351975917816,1171,7031,,
,1171,7031,0.28651121258735657,0.0
0.19683870673179626,1172,7037,,
,1172,7037,0.2829926311969757,0.0
0.2179187387228012,1173,7043,,
,1173,7043,0.2763335406780243,0.0
0.1829787641763687,1174,7049,,
,1174,7049,0.26767656207084656,0.0
0.1641615480184555,1175,7055,,
,1175,7055,0.2871413826942444,0.0
0.30806493759155273,1176,7061,,
,1176,7061,0.324589341878891,0.0
0.129775732755661,1177,7067,,
,1177,7067,0.290290504693985,0.0
0.4185185432434082,1178,7073,,
,1178,7073,0.3464534282684326,0.0
0.1156100183725357,1179,7079,,
,1179,7079,0.3539872467517853,0.0
0.4068918824195862,1180,7085,,
,1180,7085,0.32004091143608093,0.0
0.18690551817417145,1181,7091,,
,1181,7091,0.3769564926624298,0.0
0.1958763301372528,1182,7097,,
,1182,7097,0.2898963391780853,0.0
0.26726192235946655,1183,7103,,
,1183,7103,0.2805045247077942,0.0
0.19266526401042938,1184,7109,,
,1184,7109,0.2714001536369324,0.0
0.2109510600566864,1185,7115,,
,1185,7115,0.2748815715312958,0.0
0.27068692445755005,1186,7121,,
,1186,7121,0.3063996732234955,0.0
0.14680297672748566,1187,7127,,
,1187,7127,0.3209403157234192,0.0
0.3077116310596466,1188,7133,,
,1188,7133,0.261249303817749,0.0
0.18041148781776428,1189,7139,,
,1189,7139,0.2941369116306305,0.0
0.19082972407341003,1190,7145,,
,1190,7145,0.2911500334739685,0.0
0.30339357256889343,1191,7151,,
,1191,7151,0.2958582937717438,0.0
0.2085908204317093,1192,7157,,
,1192,7157,0.28109753131866455,0.0
0.1596284657716751,1193,7163,,
,1193,7163,0.2929054796695709,0.0
0.22268499433994293,1194,7169,,
,1194,7169,0.26434293389320374,0.0
0.22714641690254211,1195,7175,,
,1195,7175,0.27948328852653503,0.0
0.18147481977939606,1196,7181,,
,1196,7181,0.29064497351646423,0.0
0.26686304807662964,1197,7187,,
,1197,7187,0.2889607846736908,0.0
0.20781782269477844,1198,7193,,
,1198,7193,0.2816559672355652,0.0
0.20672562718391418,1199,7199,,
,1199,7199,0.26265236735343933,0.0
0.18885459005832672,1200,7205,,
,1200,7205,0.24453096091747284,0.0
0.15901803970336914,1201,7211,,
,1201,7211,0.29480862617492676,0.0
0.3097992539405823,1202,7217,,
,1202,7217,0.28039515018463135,0.0
0.133396714925766,1203,7223,,
,1203,7223,0.31520333886146545,0.0
0.29521968960762024,1204,7229,,
,1204,7229,0.2843191623687744,0.0
0.13704326748847961,1205,7235,,
,1205,7235,0.24993039667606354,0.0
0.35231509804725647,1206,7241,,
,1206,7241,0.30443063378334045,0.0
0.1392621099948883,1207,7247,,
,1207,7247,0.2964763343334198,0.0
0.2803509831428528,1208,7253,,
,1208,7253,0.28674715757369995,0.0
0.21979546546936035,1209,7259,,
,1209,7259,0.2910172939300537,0.0
0.13654528558254242,1210,7265,,
,1210,7265,0.3184126317501068,0.0
0.31189510226249695,1211,7271,,
,1211,7271,0.3117820918560028,0.0
0.18361283838748932,1212,7277,,
,1212,7277,0.25313735008239746,0.0
0.2430848777294159,1213,7283,,
,1213,7283,0.263762891292572,0.0
0.17005369067192078,1214,7289,,
,1214,7289,0.23923878371715546,0.0
0.2623470425605774,1215,7295,,
,1215,7295,0.29217931628227234,0.0
0.17118418216705322,1216,7301,,
,1216,7301,0.2818607985973358,0.0
0.28080692887306213,1217,7307,,
,1217,7307,0.22885534167289734,0.0
0.20783646404743195,1218,7313,,
,1218,7313,0.2644951045513153,0.0
0.21098002791404724,1219,7319,,
,1219,7319,0.25887081027030945,0.0
0.22540423274040222,1220,7325,,
,1220,7325,0.2805168926715851,0.0
0.2137092798948288,1221,7331,,
,1221,7331,0.2795115113258362,0.0
0.18869554996490479,1222,7337,,
,1222,7337,0.24467824399471283,0.0
0.2328578233718872,1223,7343,,
,1223,7343,0.25271281599998474,0.0
0.21517014503479004,1224,7349,,
,1224,7349,0.25204089283943176,0.0
0.21491459012031555,1225,7355,,
,1225,7355,0.24002347886562347,0.0
0.14296302199363708,1226,7361,,
,1226,7361,0.27622419595718384,0.0
0.27331820130348206,1227,7367,,
,1227,7367,0.2935100197792053,0.0
0.22646547853946686,1228,7373,,
,1228,7373,0.26361116766929626,0.0
0.16293105483055115,1229,7379,,
,1229,7379,0.27634888887405396,0.0
0.2518567442893982,1230,7385,,
,1230,7385,0.25025448203086853,0.0
0.23153412342071533,1231,7391,,
,1231,7391,0.2497473508119583,0.0
0.15622231364250183,1232,7397,,
,1232,7397,0.28696200251579285,0.0
0.2375590056180954,1233,7403,,
,1233,7403,0.30980560183525085,0.0
0.2535673975944519,1234,7409,,
,1234,7409,0.2763707637786865,0.0
0.13338826596736908,1235,7415,,
,1235,7415,0.2791357636451721,0.0
0.33495739102363586,1236,7421,,
,1236,7421,0.29644641280174255,0.0
0.16795246303081512,1237,7427,,
,1237,7427,0.27532199025154114,0.0
0.31426793336868286,1238,7433,,
,1238,7433,0.23946888744831085,0.0
0.16021332144737244,1239,7439,,
,1239,7439,0.29930999875068665,0.0
0.3016228973865509,1240,7445,,
,1240,7445,0.25323277711868286,0.0
0.162603959441185,1241,7451,,
,1241,7451,0.2711363434791565,0.0
0.30796360969543457,1242,7457,,
,1242,7457,0.2372070699930191,0.0
0.18321558833122253,1243,7463,,
,1243,7463,0.2967110574245453,0.0
0.17793862521648407,1244,7469,,
,1244,7469,0.27556315064430237,0.0
0.27355626225471497,1245,7475,,
,1245,7475,0.2656140923500061,0.0
0.17642322182655334,1246,7481,,
,1246,7481,0.2593730092048645,0.0
0.2816673219203949,1247,7487,,
,1247,7487,0.24995650351047516,0.0
0.16323406994342804,1248,7493,,
,1248,7493,0.2536100447177887,0.0
0.29388314485549927,1249,7499,,
,1249,7499,0.21581202745437622,0.0
0.13719087839126587,1250,7505,,
,1250,7505,0.23507222533226013,0.0
0.3428758978843689,1251,7511,,
,1251,7511,0.31116220355033875,0.0
0.13686926662921906,1252,7517,,
,1252,7517,0.3170637786388397,0.0
0.17934100329875946,1253,7523,,
,1253,7523,0.3346334397792816,0.0
0.374793142080307,1254,7529,,
,1254,7529,0.3368217349052429,0.0
0.12361306697130203,1255,7535,,
,1255,7535,0.2961481809616089,0.0
0.32447177171707153,1256,7541,,
,1256,7541,0.29111963510513306,0.0
0.1454111486673355,1257,7547,,
,1257,7547,0.24721352756023407,0.0
0.28621092438697815,1258,7553,,
,1258,7553,0.26856571435928345,0.0
0.19963255524635315,1259,7559,,
,1259,7559,0.2858159840106964,0.0
0.1854477971792221,1260,7565,,
,1260,7565,0.25810277462005615,0.0
0.22487019002437592,1261,7571,,
,1261,7571,0.232331320643425,0.0
0.2510996162891388,1262,7577,,
,1262,7577,0.2604440748691559,0.0
0.2027561217546463,1263,7583,,
,1263,7583,0.23768873512744904,0.0
0.23828282952308655,1264,7589,,
,1264,7589,0.24410374462604523,0.0
0.2009390890598297,1265,7595,,
,1265,7595,0.22200524806976318,0.0
0.2334945946931839,1266,7601,,
,1266,7601,0.23292997479438782,0.0
0.16427966952323914,1267,7607,,
,1267,7607,0.23883554339408875,0.0
0.2810315787792206,1268,7613,,
,1268,7613,0.24233148992061615,0.0
0.1944025307893753,1269,7619,,
,1269,7619,0.3026040494441986,0.0
0.24497655034065247,1270,7625,,
,1270,7625,0.23251134157180786,0.0
0.19069740176200867,1271,7631,,
,1271,7631,0.22642649710178375,0.0
0.252987265586853,1272,7637,,
,1272,7637,0.27536123991012573,0.0
0.1738177239894867,1273,7643,,
,1273,7643,0.23605221509933472,0.0
0.23191367089748383,1274,7649,,
,1274,7649,0.2285081446170807,0.0
0.19822560250759125,1275,7655,,
,1275,7655,0.23479904234409332,0.0
0.25926655530929565,1276,7661,,
,1276,7661,0.2199321836233139,0.0
0.1741330921649933,1277,7667,,
,1277,7667,0.2562198340892792,0.0
0.2600734531879425,1278,7673,,
,1278,7673,0.23868554830551147,0.0
0.22980225086212158,1279,7679,,
,1279,7679,0.22729545831680298,0.0
0.21886436641216278,1280,7685,,
,1280,7685,0.23726670444011688,0.0
0.19766554236412048,1281,7691,,
,1281,7691,0.23896218836307526,0.0
0.30849000811576843,1282,7697,,
,1282,7697,0.21329863369464874,0.0
0.18294279277324677,1283,7703,,
,1283,7703,0.23232100903987885,0.0
0.1679030954837799,1284,7709,,
,1284,7709,0.27411949634552,0.0
0.3749440610408783,1285,7715,,
,1285,7715,0.30902427434921265,0.0
0.1395827978849411,1286,7721,,
,1286,7721,0.32370710372924805,0.0
0.26111119985580444,1287,7727,,
,1287,7727,0.2713557779788971,0.0
0.243931844830513,1288,7733,,
,1288,7733,0.2597150504589081,0.0
0.1318255513906479,1289,7739,,
,1289,7739,0.29130634665489197,0.0
0.32826924324035645,1290,7745,,
,1290,7745,0.24463990330696106,0.0
0.13706538081169128,1291,7751,,
,1291,7751,0.2643054723739624,0.0
0.24023403227329254,1292,7757,,
,1292,7757,0.30056697130203247,0.0
0.27351880073547363,1293,7763,,
,1293,7763,0.231972336769104,0.0
0.1725611537694931,1294,7769,,
,1294,7769,0.27464213967323303,0.0
0.19541120529174805,1295,7775,,
,1295,7775,0.22341439127922058,0.0
0.2509250342845917,1296,7781,,
,1296,7781,0.25296783447265625,0.0
0.23355098068714142,1297,7787,,
,1297,7787,0.25510266423225403,0.0
0.23050327599048615,1298,7793,,
,1298,7793,0.2235771119594574,0.0
0.2132042944431305,1299,7799,,
,1299,7799,0.234432652592659,0.0
0.12214051187038422,1300,7805,,
,1300,7805,0.270694762468338,0.0
0.18751263618469238,1301,7811,,
,1301,7811,0.37451672554016113,0.0
0.2613803744316101,1302,7817,,
,1302,7817,0.2759077847003937,0.0
0.22514738142490387,1303,7823,,
,1303,7823,0.2458643764257431,0.0
0.17209270596504211,1304,7829,,
,1304,7829,0.23845574259757996,0.0
0.36693888902664185,1305,7835,,
,1305,7835,0.20401160418987274,0.0
0.13449087738990784,1306,7841,,
,1306,7841,0.30444175004959106,0.0
0.28896817564964294,1307,7847,,
,1307,7847,0.25111711025238037,0.0
0.1979626566171646,1308,7853,,
,1308,7853,0.2527928650379181,0.0
0.18157558143138885,1309,7859,,
,1309,7859,0.241661936044693,0.0
0.29271236062049866,1310,7865,,
,1310,7865,0.24020890891551971,0.0
0.19298113882541656,1311,7871,,
,1311,7871,0.24196991324424744,0.0
0.16737504303455353,1312,7877,,
,1312,7877,0.25178828835487366,0.0
0.38584667444229126,1313,7883,,
,1313,7883,0.2561316192150116,0.0
0.13745471835136414,1314,7889,,
,1314,7889,0.2839035391807556,0.0
0.33211749792099,1315,7895,,
,1315,7895,0.24872523546218872,0.0
0.16118986904621124,1316,7901,,
,1316,7901,0.2334354817867279,0.0
0.20287840068340302,1317,7907,,
,1317,7907,0.25726211071014404,0.0
0.19484186172485352,1318,7913,,
,1318,7913,0.23092810809612274,0.0
0.31863418221473694,1319,7919,,
,1319,7919,0.23261962831020355,0.0
0.13878822326660156,1320,7925,,
,1320,7925,0.23606640100479126,0.0
0.37668949365615845,1321,7931,,
,1321,7931,0.26776283979415894,0.0
0.1473339945077896,1322,7937,,
,1322,7937,0.22546975314617157,0.0
0.26928815245628357,1323,7943,,
,1323,7943,0.22683116793632507,0.0
0.2063199281692505,1324,7949,,
,1324,7949,0.24558910727500916,0.0
0.192519873380661,1325,7955,,
,1325,7955,0.23962391912937164,0.0
0.20112010836601257,1326,7961,,
,1326,7961,0.20989985764026642,0.0
0.2052377313375473,1327,7967,,
,1327,7967,0.2256620228290558,0.0
0.23149703443050385,1328,7973,,
,1328,7973,0.2303345650434494,0.0
0.2021573930978775,1329,7979,,
,1329,7979,0.21355147659778595,0.0
0.19995148479938507,1330,7985,,
,1330,7985,0.24259932339191437,0.0
0.20474569499492645,1331,7991,,
,1331,7991,0.22250190377235413,0.0
0.2685863673686981,1332,7997,,
,1332,7997,0.22447733581066132,0.0
0.22565503418445587,1333,8003,,
,1333,8003,0.22985056042671204,0.0
0.1890958994626999,1334,8009,,
,1334,8009,0.2236059308052063,0.0
0.3072414696216583,1335,8015,,
,1335,8015,0.22576527297496796,0.0
0.14413461089134216,1336,8021,,
,1336,8021,0.25589072704315186,0.0
0.29682254791259766,1337,8027,,
,1337,8027,0.24409571290016174,0.0
0.1982896327972412,1338,8033,,
,1338,8033,0.2602373957633972,0.0
0.2133743315935135,1339,8039,,
,1339,8039,0.22024747729301453,0.0
0.17919306457042694,1340,8045,,
,1340,8045,0.23356583714485168,0.0
0.2622739374637604,1341,8051,,
,1341,8051,0.24104277789592743,0.0
0.24728575348854065,1342,8057,,
,1342,8057,0.24036526679992676,0.0
0.1967167854309082,1343,8063,,
,1343,8063,0.22079215943813324,0.0
0.23451144993305206,1344,8069,,
,1344,8069,0.22284089028835297,0.0
0.21784789860248566,1345,8075,,
,1345,8075,0.22476957738399506,0.0
0.20036005973815918,1346,8081,,
,1346,8081,0.20297572016716003,0.0
0.18708252906799316,1347,8087,,
,1347,8087,0.2429732233285904,0.0
0.30100077390670776,1348,8093,,
,1348,8093,0.2205471396446228,0.0
0.14775095880031586,1349,8099,,
,1349,8099,0.22038224339485168,0.0
0.33423420786857605,1350,8105,,
,1350,8105,0.22662299871444702,0.0
0.14575038850307465,1351,8111,,
,1351,8111,0.2478465437889099,0.0
0.3516596257686615,1352,8117,,
,1352,8117,0.21947816014289856,0.0
0.1979796141386032,1353,8123,,
,1353,8123,0.2681656777858734,0.0
0.17215608060359955,1354,8129,,
,1354,8129,0.24653485417366028,0.0
0.25666987895965576,1355,8135,,
,1355,8135,0.2299259901046753,0.0
0.1704014092683792,1356,8141,,
,1356,8141,0.22604726254940033,0.0
0.2746739387512207,1357,8147,,
,1357,8147,0.2239106297492981,0.0
0.20090974867343903,1358,8153,,
,1358,8153,0.22927585244178772,0.0
0.20616017282009125,1359,8159,,
,1359,8159,0.20876525342464447,0.0
0.21681678295135498,1360,8165,,
,1360,8165,0.21302530169487,0.0
0.20763157308101654,1361,8171,,
,1361,8171,0.2102925330400467,0.0
0.22250999510288239,1362,8177,,
,1362,8177,0.22780641913414001,0.0
0.15625953674316406,1363,8183,,
,1363,8183,0.2120140641927719,0.0
0.38150665163993835,1364,8189,,
,1364,8189,0.22461126744747162,0.0
0.17160804569721222,1365,8195,,
,1365,8195,0.26250961422920227,0.0
0.1965704709291458,1366,8201,,
,1366,8201,0.22873763740062714,0.0
0.26080232858657837,1367,8207,,
,1367,8207,0.23023448884487152,0.0
0.2267550379037857,1368,8213,,
,1368,8213,0.2147868126630783,0.0
0.22707657516002655,1369,8219,,
,1369,8219,0.21292532980442047,0.0
0.24354542791843414,1370,8225,,
,1370,8225,0.21561013162136078,0.0
0.16581368446350098,1371,8231,,
,1371,8231,0.20802627503871918,0.0
0.2449069768190384,1372,8237,,
,1372,8237,0.20205660164356232,0.0
0.1872117519378662,1373,8243,,
,1373,8243,0.22387881577014923,0.0
0.25065818428993225,1374,8249,,
,1374,8249,0.22662189602851868,0.0
0.26875606179237366,1375,8255,,
,1375,8255,0.24214230477809906,0.0
0.15461483597755432,1376,8261,,
,1376,8261,0.21336475014686584,0.0
0.3409052789211273,1377,8267,,
,1377,8267,0.2517054080963135,0.0
0.13477888703346252,1378,8273,,
,1378,8273,0.2266320288181305,0.0
0.36582592129707336,1379,8279,,
,1379,8279,0.21903468668460846,0.0
0.13699176907539368,1380,8285,,
,1380,8285,0.20590300858020782,0.0
0.32177093625068665,1381,8291,,
,1381,8291,0.2182362824678421,0.0
0.1800592690706253,1382,8297,,
,1382,8297,0.2750059962272644,0.0
0.2086593210697174,1383,8303,,
,1383,8303,0.21245171129703522,0.0
0.21562060713768005,1384,8309,,
,1384,8309,0.22351914644241333,0.0
0.3053050637245178,1385,8315,,
,1385,8315,0.22977741062641144,0.0
0.161276713013649,1386,8321,,
,1386,8321,0.2007686197757721,0.0
0.27255913615226746,1387,8327,,
,1387,8327,0.24137121438980103,0.0
0.24651098251342773,1388,8333,,
,1388,8333,0.237367644906044,0.0
0.2295367419719696,1389,8339,,
,1389,8339,0.21934187412261963,0.0
0.2001892626285553,1390,8345,,
,1390,8345,0.21905191242694855,0.0
0.17026087641716003,1391,8351,,
,1391,8351,0.20735695958137512,0.0
0.2852809727191925,1392,8357,,
,1392,8357,0.21637338399887085,0.0
0.18477211892604828,1393,8363,,
,1393,8363,0.2173549085855484,0.0
0.2550685405731201,1394,8369,,
,1394,8369,0.21282881498336792,0.0
0.22663505375385284,1395,8375,,
,1395,8375,0.204515278339386,0.0
0.20345047116279602,1396,8381,,
,1396,8381,0.20424483716487885,0.0
0.18189005553722382,1397,8387,,
,1397,8387,0.21908777952194214,0.0
0.19233740866184235,1398,8393,,
,1398,8393,0.2285696417093277,0.0
0.2572099566459656,1399,8399,,
,1399,8399,0.1832839846611023,0.0
0.1703079491853714,1400,8405,,
,1400,8405,0.20454445481300354,0.0
0.2740561068058014,1401,8411,,
,1401,8411,0.20368775725364685,0.0
0.18471701443195343,1402,8417,,
,1402,8417,0.22309762239456177,0.0
0.22749556601047516,1403,8423,,
,1403,8423,0.2066725641489029,0.0
0.2982499599456787,1404,8429,,
,1404,8429,0.20346598327159882,0.0
0.17022868990898132,1405,8435,,
,1405,8435,0.20689472556114197,0.0
0.24988484382629395,1406,8441,,
,1406,8441,0.22406496107578278,0.0
0.2204417884349823,1407,8447,,
,1407,8447,0.22287705540657043,0.0
0.18021774291992188,1408,8453,,
,1408,8453,0.2109430730342865,0.0
0.23039796948432922,1409,8459,,
,1409,8459,0.2139672338962555,0.0
0.1907193809747696,1410,8465,,
,1410,8465,0.197914719581604,0.0
0.26780223846435547,1411,8471,,
,1411,8471,0.1869499832391739,0.0
0.14554980397224426,1412,8477,,
,1412,8477,0.18368232250213623,0.0
0.2962161898612976,1413,8483,,
,1413,8483,0.26085519790649414,0.0
0.16189813613891602,1414,8489,,
,1414,8489,0.20128299295902252,0.0
0.27848559617996216,1415,8495,,
,1415,8495,0.23937857151031494,0.0
0.19583402574062347,1416,8501,,
,1416,8501,0.1993405520915985,0.0
0.21941043436527252,1417,8507,,
,1417,8507,0.20243902504444122,0.0
0.19326291978359222,1418,8513,,
,1418,8513,0.21383896470069885,0.0
0.19672806560993195,1419,8519,,
,1419,8519,0.19596661627292633,0.0
0.2705860733985901,1420,8525,,
,1420,8525,0.17707224190235138,0.0
0.17871472239494324,1421,8531,,
,1421,8531,0.1998254358768463,0.0
0.294664591550827,1422,8537,,
,1422,8537,0.20378459990024567,0.0
0.23621542751789093,1423,8543,,
,1423,8543,0.1897634118795395,0.0
0.24942202866077423,1424,8549,,
,1424,8549,0.18252432346343994,0.0
0.17770613729953766,1425,8555,,
,1425,8555,0.20090734958648682,0.0
0.30907317996025085,1426,8561,,
,1426,8561,0.19984352588653564,0.0
0.12046415358781815,1427,8567,,
,1427,8567,0.25083649158477783,0.0
0.45948153734207153,1428,8573,,
,1428,8573,0.27425751090049744,0.0
0.12622246146202087,1429,8579,,
,1429,8579,0.2922789752483368,0.0
0.3045824468135834,1430,8585,,
,1430,8585,0.2483057826757431,0.0
0.1779918521642685,1431,8591,,
,1431,8591,0.22101591527462006,0.0
0.1959107667207718,1432,8597,,
,1432,8597,0.233530655503273,0.0
0.23349110782146454,1433,8603,,
,1433,8603,0.2112572342157364,0.0
0.2022535502910614,1434,8609,,
,1434,8609,0.19456391036510468,0.0
0.2209392488002777,1435,8615,,
,1435,8615,0.19368810951709747,0.0
0.2862798273563385,1436,8621,,
,1436,8621,0.19789081811904907,0.0
0.14453308284282684,1437,8627,,
,1437,8627,0.19697345793247223,0.0
0.3576444983482361,1438,8633,,
,1438,8633,0.2222629189491272,0.0
0.18465471267700195,1439,8639,,
,1439,8639,0.21634134650230408,0.0
0.23765751719474792,1440,8645,,
,1440,8645,0.21160456538200378,0.0
0.22860825061798096,1441,8651,,
,1441,8651,0.19812731444835663,0.0
0.19736623764038086,1442,8657,,
,1442,8657,0.2098979949951172,0.0
0.3019934296607971,1443,8663,,
,1443,8663,0.19362378120422363,0.0
0.14876410365104675,1444,8669,,
,1444,8669,0.20651698112487793,0.0
0.3143518269062042,1445,8675,,
,1445,8675,0.2046779990196228,0.0
0.13858923316001892,1446,8681,,
,1446,8681,0.22227996587753296,0.0
0.3139864504337311,1447,8687,,
,1447,8687,0.23638655245304108,0.0
0.16422869265079498,1448,8693,,
,1448,8693,0.19769756495952606,0.0
0.24772953987121582,1449,8699,,
,1449,8699,0.2046010047197342,0.0
0.1928224265575409,1450,8705,,
,1450,8705,0.19201114773750305,0.0
0.21216607093811035,1451,8711,,
,1451,8711,0.18688325583934784,0.0
0.20897766947746277,1452,8717,,
,1452,8717,0.1948176920413971,0.0
0.2916596829891205,1453,8723,,
,1453,8723,0.19489167630672455,0.0
0.124973826110363,1454,8729,,
,1454,8729,0.21852481365203857,0.0
0.48380428552627563,1455,8735,,
,1455,8735,0.23928992450237274,0.0
0.1297990083694458,1456,8741,,
,1456,8741,0.3257654905319214,0.0
0.3074783682823181,1457,8747,,
,1457,8747,0.22136300802230835,0.0
0.2405940741300583,1458,8753,,
,1458,8753,0.2013012021780014,0.0
0.17799623310565948,1459,8759,,
,1459,8759,0.19064779579639435,0.0
0.33183547854423523,1460,8765,,
,1460,8765,0.20456908643245697,0.0
0.20740774273872375,1461,8771,,
,1461,8771,0.2031473070383072,0.0
0.18739084899425507,1462,8777,,
,1462,8777,0.21664810180664062,0.0
0.33066609501838684,1463,8783,,
,1463,8783,0.23206301033496857,0.0
0.1419757455587387,1464,8789,,
,1464,8789,0.22209905087947845,0.0
0.32232195138931274,1465,8795,,
,1465,8795,0.1880478411912918,0.0
0.16392600536346436,1466,8801,,
,1466,8801,0.1920725554227829,0.0
0.19506362080574036,1467,8807,,
,1467,8807,0.2505134046077728,0.0
0.23023469746112823,1468,8813,,
,1468,8813,0.1844109147787094,0.0
0.2565080225467682,1469,8819,,
,1469,8819,0.189887136220932,0.0
0.21771526336669922,1470,8825,,
,1470,8825,0.18406525254249573,0.0
0.1717962920665741,1471,8831,,
,1471,8831,0.17689557373523712,0.0
0.24698510766029358,1472,8837,,
,1472,8837,0.21423481404781342,0.0
0.2110629826784134,1473,8843,,
,1473,8843,0.16300025582313538,0.0
0.3183498978614807,1474,8849,,
,1474,8849,0.18846197426319122,0.0
0.17305469512939453,1475,8855,,
,1475,8855,0.18906888365745544,0.0
0.2267119586467743,1476,8861,,
,1476,8861,0.19829317927360535,0.0
0.2297506034374237,1477,8867,,
,1477,8867,0.2062990814447403,0.0
0.21843750774860382,1478,8873,,
,1478,8873,0.2126285582780838,0.0
0.2552468478679657,1479,8879,,
,1479,8879,0.18272483348846436,0.0
0.13624407351016998,1480,8885,,
,1480,8885,0.21844297647476196,0.0
0.3215791881084442,1481,8891,,
,1481,8891,0.23005159199237823,0.0
0.1599264293909073,1482,8897,,
,1482,8897,0.19623801112174988,0.0
0.24380429089069366,1483,8903,,
,1483,8903,0.2126867175102234,0.0
0.25030380487442017,1484,8909,,
,1484,8909,0.17845983803272247,0.0
0.2162027657032013,1485,8915,,
,1485,8915,0.17709225416183472,0.0
0.21893610060214996,1486,8921,,
,1486,8921,0.18985465168952942,0.0
0.24132227897644043,1487,8927,,
,1487,8927,0.18397033214569092,0.0
0.20680852234363556,1488,8933,,
,1488,8933,0.16973485052585602,0.0
0.24368655681610107,1489,8939,,
,1489,8939,0.1860571652650833,0.0
0.1989968717098236,1490,8945,,
,1490,8945,0.18403324484825134,0.0
0.2874203324317932,1491,8951,,
,1491,8951,0.18216852843761444,0.0
0.1844329982995987,1492,8957,,
,1492,8957,0.19613675773143768,0.0
0.23803846538066864,1493,8963,,
,1493,8963,0.1805935502052307,0.0
0.20611155033111572,1494,8969,,
,1494,8969,0.18561336398124695,0.0
0.21092155575752258,1495,8975,,
,1495,8975,0.19271595776081085,0.0
0.20135042071342468,1496,8981,,
,1496,8981,0.17972156405448914,0.0
0.2517629861831665,1497,8987,,
,1497,8987,0.19034890830516815,0.0
0.21099665760993958,1498,8993,,
,1498,8993,0.19082525372505188,0.0
0.21160607039928436,1499,8999,,
,1499,8999,0.19910211861133575,0.0
0.29608553647994995,1500,9005,,
,1500,9005,0.17181237041950226,0.0
0.19496996700763702,1501,9011,,
,1501,9011,0.196974515914917,0.0
0.23760071396827698,1502,9017,,
,1502,9017,0.19691482186317444,0.0
0.27358442544937134,1503,9023,,
,1503,9023,0.18625345826148987,0.0
0.24725890159606934,1504,9029,,
,1504,9029,0.19451718032360077,0.0
0.16614794731140137,1505,9035,,
,1505,9035,0.20233814418315887,0.0
0.3012318015098572,1506,9041,,
,1506,9041,0.22144846618175507,0.0
0.16277560591697693,1507,9047,,
,1507,9047,0.16301672160625458,0.0
0.24109482765197754,1508,9053,,
,1508,9053,0.2173483520746231,0.0
0.16576693952083588,1509,9059,,
,1509,9059,0.19094708561897278,0.0
0.18386399745941162,1510,9065,,
,1510,9065,0.22915971279144287,0.0
0.2991843819618225,1511,9071,,
,1511,9071,0.19360041618347168,0.0
0.20520326495170593,1512,9077,,
,1512,9077,0.1836569756269455,0.0
0.20409682393074036,1513,9083,,
,1513,9083,0.19467680156230927,0.0
0.2112409770488739,1514,9089,,
,1514,9089,0.17527571320533752,0.0
0.23960258066654205,1515,9095,,
,1515,9095,0.21113836765289307,0.0
0.18603362143039703,1516,9101,,
,1516,9101,0.1583491563796997,0.0
0.2615133225917816,1517,9107,,
,1517,9107,0.18590092658996582,0.0
0.21813249588012695,1518,9113,,
,1518,9113,0.179945170879364,0.0
0.19234482944011688,1519,9119,,
,1519,9119,0.18267576396465302,0.0
0.29352548718452454,1520,9125,,
,1520,9125,0.17383146286010742,0.0
0.21987196803092957,1521,9131,,
,1521,9131,0.20405949652194977,0.0
0.22598381340503693,1522,9137,,
,1522,9137,0.17187528312206268,0.0
0.21266695857048035,1523,9143,,
,1523,9143,0.19627510011196136,0.0
0.25779396295547485,1524,9149,,
,1524,9149,0.18376770615577698,0.0
0.23862330615520477,1525,9155,,
,1525,9155,0.18620683252811432,0.0
0.18426699936389923,1526,9161,,
,1526,9161,0.17170754075050354,0.0
0.320690780878067,1527,9167,,
,1527,9167,0.20041388273239136,0.0
0.2412351667881012,1528,9173,,
,1528,9173,0.21246664226055145,0.0
0.18351790308952332,1529,9179,,
,1529,9179,0.1736850142478943,0.0
0.2142365723848343,1530,9185,,
,1530,9185,0.18694159388542175,0.0
0.2486335039138794,1531,9191,,
,1531,9191,0.17182259261608124,0.0
0.24087674915790558,1532,9197,,
,1532,9197,0.20238400995731354,0.0
0.15924964845180511,1533,9203,,
,1533,9203,0.18197990953922272,0.0
0.27733632922172546,1534,9209,,
,1534,9209,0.17079363763332367,0.0
0.1924024522304535,1535,9215,,
,1535,9215,0.16595280170440674,0.0
0.19780270755290985,1536,9221,,
,1536,9221,0.18467852473258972,0.0
0.2039370834827423,1537,9227,,
,1537,9227,0.17640936374664307,0.0
0.3121638894081116,1538,9233,,
,1538,9233,0.17571420967578888,0.0
0.16696155071258545,1539,9239,,
,1539,9239,0.20430956780910492,0.0
0.20885305106639862,1540,9245,,
,1540,9245,0.1827317476272583,0.0
0.22558967769145966,1541,9251,,
,1541,9251,0.16456575691699982,0.0
0.24378155171871185,1542,9257,,
,1542,9257,0.17388410866260529,0.0
0.238754540681839,1543,9263,,
,1543,9263,0.16999028623104095,0.0
0.21102389693260193,1544,9269,,
,1544,9269,0.17126113176345825,0.0
0.22305706143379211,1545,9275,,
,1545,9275,0.16058246791362762,0.0
0.278950035572052,1546,9281,,
,1546,9281,0.16072343289852142,0.0
0.21670213341712952,1547,9287,,
,1547,9287,0.17231515049934387,0.0
0.22355563938617706,1548,9293,,
,1548,9293,0.1690187156200409,0.0
0.22120662033557892,1549,9299,,
,1549,9299,0.17096731066703796,0.0
0.2818988263607025,1550,9305,,
,1550,9305,0.16418680548667908,0.0
0.16786053776741028,1551,9311,,
,1551,9311,0.18605907261371613,0.0
0.20374369621276855,1552,9317,,
,1552,9317,0.19012285768985748,0.0
0.24816469848155975,1553,9323,,
,1553,9323,0.16743192076683044,0.0
0.20273219048976898,1554,9329,,
,1554,9329,0.18046873807907104,0.0
0.21548809111118317,1555,9335,,
,1555,9335,0.16090478003025055,0.0
0.22105398774147034,1556,9341,,
,1556,9341,0.19083236157894135,0.0
0.2635596990585327,1557,9347,,
,1557,9347,0.1774507761001587,0.0
0.2275647670030594,1558,9353,,
,1558,9353,0.1785895675420761,0.0
0.2354474812746048,1559,9359,,
,1559,9359,0.16175486147403717,0.0
0.18964102864265442,1560,9365,,
,1560,9365,0.16605082154273987,0.0
0.3041422665119171,1561,9371,,
,1561,9371,0.1769290268421173,0.0
0.2042115181684494,1562,9377,,
,1562,9377,0.19298896193504333,0.0
0.18036890029907227,1563,9383,,
,1563,9383,0.19506916403770447,0.0
0.30391815304756165,1564,9389,,
,1564,9389,0.17893816530704498,0.0
0.15070906281471252,1565,9395,,
,1565,9395,0.15868431329727173,0.0
0.23632469773292542,1566,9401,,
,1566,9401,0.1947331726551056,0.0
0.2078021615743637,1567,9407,,
,1567,9407,0.1708858460187912,0.0
0.28478574752807617,1568,9413,,
,1568,9413,0.1526985764503479,0.0
0.17131224274635315,1569,9419,,
,1569,9419,0.18978607654571533,0.0
0.3139503300189972,1570,9425,,
,1570,9425,0.1666906774044037,0.0
0.1503613293170929,1571,9431,,
,1571,9431,0.18669328093528748,0.0
0.20812757313251495,1572,9437,,
,1572,9437,0.22418737411499023,0.0
0.3186191916465759,1573,9443,,
,1573,9443,0.19500556588172913,0.0
0.1662215143442154,1574,9449,,
,1574,9449,0.19302162528038025,0.0
0.3177371919155121,1575,9455,,
,1575,9455,0.1673724353313446,0.0
0.17237676680088043,1576,9461,,
,1576,9461,0.16208937764167786,0.0
0.20380161702632904,1577,9467,,
,1577,9467,0.19743342697620392,0.0
0.3326032757759094,1578,9473,,
,1578,9473,0.21325454115867615,0.0
0.2135462760925293,1579,9479,,
,1579,9479,0.18403849005699158,0.0
